WeekEnding,Country,SIMDQuintile,CardioAdmissions,Average20182019,PercentVariation
20200105,S92000003,1,96,107.5,-10.7
20200105,S92000003,2,86,99,-13.1
20200105,S92000003,3,84,86.5,-2.9
20200105,S92000003,4,78,82.5,-5.5
20200105,S92000003,5,41,62.5,-34.4
20200112,S92000003,1,98,119.5,-18
20200112,S92000003,2,83,95,-12.6
20200112,S92000003,3,78,93,-16.1
20200112,S92000003,4,80,66,21.2
20200112,S92000003,5,72,67.5,6.7
20200119,S92000003,1,93,110,-15.5
20200119,S92000003,2,74,90.5,-18.2
20200119,S92000003,3,91,80.5,13
20200119,S92000003,4,74,83,-10.8
20200119,S92000003,5,45,55.5,-18.9
20200126,S92000003,1,92,117,-21.4
20200126,S92000003,2,81,91,-11
20200126,S92000003,3,67,86.5,-22.5
20200126,S92000003,4,64,86,-25.6
20200126,S92000003,5,56,53,5.7
20200202,S92000003,1,100,115,-13
20200202,S92000003,2,66,108.5,-39.2
20200202,S92000003,3,77,83,-7.2
20200202,S92000003,4,77,91,-15.4
20200202,S92000003,5,48,62,-22.6
20200209,S92000003,1,49,119.5,-59
20200209,S92000003,2,64,86,-25.6
20200209,S92000003,3,78,79.5,-1.9
20200209,S92000003,4,70,80,-12.5
20200209,S92000003,5,54,62,-12.9
20200216,S92000003,1,74,117,-36.8
20200216,S92000003,2,62,98,-36.7
20200216,S92000003,3,68,93.5,-27.3
20200216,S92000003,4,71,87,-18.4
20200216,S92000003,5,30,65.5,-54.2
20200223,S92000003,1,74,107.5,-31.2
20200223,S92000003,2,75,87.5,-14.3
20200223,S92000003,3,77,79,-2.5
20200223,S92000003,4,73,85.5,-14.6
20200223,S92000003,5,53,61.5,-13.8
20200301,S92000003,1,82,106.5,-23
20200301,S92000003,2,76,85.5,-11.1
20200301,S92000003,3,73,86.5,-15.6
20200301,S92000003,4,64,101.5,-36.9
20200301,S92000003,5,69,69.5,-0.7
20200308,S92000003,1,105,111,-5.4
20200308,S92000003,2,76,95,-20
20200308,S92000003,3,76,100.5,-24.4
20200308,S92000003,4,64,87,-26.4
20200308,S92000003,5,38,63.5,-40.2
20200315,S92000003,1,71,100.5,-29.4
20200315,S92000003,2,57,85,-32.9
20200315,S92000003,3,67,93,-28
20200315,S92000003,4,59,88.5,-33.3
20200315,S92000003,5,32,66.5,-51.9
20200322,S92000003,1,49,118,-58.5
20200322,S92000003,2,46,91.5,-49.7
20200322,S92000003,3,42,88,-52.3
20200322,S92000003,4,46,83,-44.6
20200322,S92000003,5,31,52,-40.4
20200329,S92000003,1,42,100,-58
20200329,S92000003,2,39,80,-51.2
20200329,S92000003,3,33,85,-61.2
20200329,S92000003,4,29,84.5,-65.7
20200329,S92000003,5,21,59.5,-64.7
20200405,S92000003,1,56,130,-56.9
20200405,S92000003,2,28,85.5,-67.3
20200405,S92000003,3,43,80,-46.2
20200405,S92000003,4,45,78,-42.3
20200405,S92000003,5,24,54,-55.6
20200412,S92000003,1,37,110,-66.4
20200412,S92000003,2,40,88.5,-54.8
20200412,S92000003,3,39,90,-56.7
20200412,S92000003,4,45,90,-50
20200412,S92000003,5,27,65,-58.5
20200419,S92000003,1,60,119.5,-49.8
20200419,S92000003,2,46,89,-48.3
20200419,S92000003,3,42,88.5,-52.5
20200419,S92000003,4,44,78,-43.6
20200419,S92000003,5,34,57.5,-40.9
20200426,S92000003,1,68,103,-34
20200426,S92000003,2,56,92.5,-39.5
20200426,S92000003,3,45,93,-51.6
20200426,S92000003,4,61,89,-31.5
20200426,S92000003,5,30,59,-49.2
20200503,S92000003,1,69,107.5,-35.8
20200503,S92000003,2,59,85,-30.6
20200503,S92000003,3,65,71.5,-9.1
20200503,S92000003,4,70,72,-2.8
20200503,S92000003,5,45,52.5,-14.3
20200510,S92000003,1,61,109.5,-44.3
20200510,S92000003,2,62,95.5,-35.1
20200510,S92000003,3,67,87.5,-23.4
20200510,S92000003,4,56,81.5,-31.3
20200510,S92000003,5,43,64.5,-33.3
20200517,S92000003,1,67,111,-39.6
20200517,S92000003,2,59,76.5,-22.9
20200517,S92000003,3,64,79.5,-19.5
20200517,S92000003,4,71,74.5,-4.7
20200517,S92000003,5,40,61.5,-35
20200524,S92000003,1,77,106,-27.4
20200524,S92000003,2,65,76.5,-15
20200524,S92000003,3,49,87,-43.7
20200524,S92000003,4,66,84,-21.4
20200524,S92000003,5,39,60,-35
20200531,S92000003,1,60,104.5,-42.6
20200531,S92000003,2,55,79.5,-30.8
20200531,S92000003,3,70,82,-14.6
20200531,S92000003,4,73,69,5.8
20200531,S92000003,5,38,59,-35.6
20200607,S92000003,1,81,103.5,-21.7
20200607,S92000003,2,52,79.5,-34.6
20200607,S92000003,3,49,81,-39.5
20200607,S92000003,4,56,71.5,-21.7
20200607,S92000003,5,39,58.5,-33.3
20200614,S92000003,1,63,97,-35.1
20200614,S92000003,2,65,73,-11
20200614,S92000003,3,66,84,-21.4
20200614,S92000003,4,65,77.5,-16.1
20200614,S92000003,5,48,63.5,-24.4
20200621,S92000003,1,71,86,-17.4
20200621,S92000003,2,67,81,-17.3
20200621,S92000003,3,78,76,2.6
20200621,S92000003,4,76,74.5,2
20200621,S92000003,5,41,46.5,-11.8
20200628,S92000003,1,75,84,-10.7
20200628,S92000003,2,73,88,-17
20200628,S92000003,3,78,75,4
20200628,S92000003,4,65,67,-3
20200628,S92000003,5,36,59.5,-39.5
20200705,S92000003,1,81,98.5,-17.8
20200705,S92000003,2,68,88.5,-23.2
20200705,S92000003,3,69,76.5,-9.8
20200705,S92000003,4,54,76,-28.9
20200705,S92000003,5,39,54.5,-28.4
20200712,S92000003,1,58,100.5,-42.3
20200712,S92000003,2,46,90.5,-49.2
20200712,S92000003,3,56,71,-21.1
20200712,S92000003,4,57,79.5,-28.3
20200712,S92000003,5,39,45,-13.3
20200719,S92000003,1,80,108.5,-26.3
20200719,S92000003,2,65,79.5,-18.2
20200719,S92000003,3,55,75.5,-27.2
20200719,S92000003,4,69,70.5,-2.1
20200719,S92000003,5,54,55.5,-2.7
20200726,S92000003,1,83,96.5,-14
20200726,S92000003,2,66,84.5,-21.9
20200726,S92000003,3,67,90.5,-26
20200726,S92000003,4,73,76.5,-4.6
20200726,S92000003,5,42,52,-19.2
20200802,S92000003,1,70,96,-27.1
20200802,S92000003,2,81,85,-4.7
20200802,S92000003,3,86,80,7.5
20200802,S92000003,4,61,79,-22.8
20200802,S92000003,5,58,44.5,30.3
20200809,S92000003,1,74,101,-26.7
20200809,S92000003,2,66,79,-16.5
20200809,S92000003,3,76,83.5,-9
20200809,S92000003,4,59,77.5,-23.9
20200809,S92000003,5,48,63,-23.8
20200816,S92000003,1,84,130.5,-35.6
20200816,S92000003,2,68,87.5,-22.3
20200816,S92000003,3,69,87.5,-21.1
20200816,S92000003,4,71,87,-18.4
20200816,S92000003,5,45,67.5,-33.3
20200823,S92000003,1,76,108,-29.6
20200823,S92000003,2,62,96,-35.4
20200823,S92000003,3,87,96,-9.4
20200823,S92000003,4,70,87,-19.5
20200823,S92000003,5,52,65,-20
20200830,S92000003,1,70,98.5,-28.9
20200830,S92000003,2,70,81,-13.6
20200830,S92000003,3,68,77,-11.7
20200830,S92000003,4,74,82.5,-10.3
20200830,S92000003,5,40,59,-32.2
20200906,S92000003,1,86,100,-14
20200906,S92000003,2,67,88.5,-24.3
20200906,S92000003,3,71,81,-12.3
20200906,S92000003,4,70,79,-11.4
20200906,S92000003,5,62,63.5,-2.4
20200913,S92000003,1,78,114.5,-31.9
20200913,S92000003,2,69,94.5,-27
20200913,S92000003,3,92,81.5,12.9
20200913,S92000003,4,70,75.5,-7.3
20200913,S92000003,5,47,54.5,-13.8
20200920,S92000003,1,74,119.5,-38.1
20200920,S92000003,2,53,97,-45.4
20200920,S92000003,3,56,96.5,-42
20200920,S92000003,4,73,90.5,-19.3
20200920,S92000003,5,53,59,-10.2
20200927,S92000003,1,72,104.5,-31.1
20200927,S92000003,2,65,86.5,-24.9
20200927,S92000003,3,69,70.5,-2.1
20200927,S92000003,4,69,88,-21.6
20200927,S92000003,5,46,64.5,-28.7
20201004,S92000003,1,72,107,-32.7
20201004,S92000003,2,60,87,-31
20201004,S92000003,3,55,80.5,-31.7
20201004,S92000003,4,64,81.5,-21.5
20201004,S92000003,5,48,60,-20
20201011,S92000003,1,78,111.5,-30
20201011,S92000003,2,71,98.5,-27.9
20201011,S92000003,3,75,81.5,-8
20201011,S92000003,4,62,78,-20.5
20201011,S92000003,5,51,53,-3.8
20201018,S92000003,1,63,98.5,-36
20201018,S92000003,2,54,90.5,-40.3
20201018,S92000003,3,72,85,-15.3
20201018,S92000003,4,71,80,-11.2
20201018,S92000003,5,55,53.5,2.8
20201025,S92000003,1,76,110,-30.9
20201025,S92000003,2,60,81,-25.9
20201025,S92000003,3,83,74,12.2
20201025,S92000003,4,73,82.5,-11.5
20201025,S92000003,5,52,58.5,-11.1
20201101,S92000003,1,68,106,-35.8
20201101,S92000003,2,73,84,-13.1
20201101,S92000003,3,61,90.5,-32.6
20201101,S92000003,4,62,78.5,-21
20201101,S92000003,5,39,57.5,-32.2
20201108,S92000003,1,70,128.5,-45.5
20201108,S92000003,2,59,105,-43.8
20201108,S92000003,3,61,88,-30.7
20201108,S92000003,4,66,83.5,-21
20201108,S92000003,5,42,58.5,-28.2
20201115,S92000003,1,81,115,-29.6
20201115,S92000003,2,78,79.5,-1.9
20201115,S92000003,3,70,83.5,-16.2
20201115,S92000003,4,56,76,-26.3
20201115,S92000003,5,40,60.5,-33.9
20201122,S92000003,1,76,95.5,-20.4
20201122,S92000003,2,68,87.5,-22.3
20201122,S92000003,3,56,80,-30
20201122,S92000003,4,73,81,-9.9
20201122,S92000003,5,48,57.5,-16.5
20201129,S92000003,1,66,99,-33.3
20201129,S92000003,2,48,88,-45.5
20201129,S92000003,3,69,91,-24.2
20201129,S92000003,4,64,97,-34
20201129,S92000003,5,53,55.5,-4.5
20201206,S92000003,1,72,102.5,-29.8
20201206,S92000003,2,58,83,-30.1
20201206,S92000003,3,54,84,-35.7
20201206,S92000003,4,71,80.5,-11.8
20201206,S92000003,5,51,72.5,-29.7
20201213,S92000003,1,72,101,-28.7
20201213,S92000003,2,63,87.5,-28
20201213,S92000003,3,80,93.5,-14.4
20201213,S92000003,4,76,93,-18.3
20201213,S92000003,5,56,58.5,-4.3
20201220,S92000003,1,69,102,-32.4
20201220,S92000003,2,63,89.5,-29.6
20201220,S92000003,3,74,80.5,-8.1
20201220,S92000003,4,65,80.5,-19.3
20201220,S92000003,5,56,59,-5.1
20201227,S92000003,1,64,97,-34
20201227,S92000003,2,62,91.5,-32.2
20201227,S92000003,3,71,87.5,-18.9
20201227,S92000003,4,59,75.5,-21.9
20201227,S92000003,5,41,62.5,-34.4
20210103,S92000003,1,65,97,-33
20210103,S92000003,2,59,91.5,-35.5
20210103,S92000003,3,66,87.5,-24.6
20210103,S92000003,4,64,75.5,-15.2
20210103,S92000003,5,46,62.5,-26.4
20210110,S92000003,1,72,107.5,-33
20210110,S92000003,2,57,99,-42.4
20210110,S92000003,3,50,86.5,-42.2
20210110,S92000003,4,64,82.5,-22.4
20210110,S92000003,5,47,62.5,-24.8
20210117,S92000003,1,64,119.5,-46.4
20210117,S92000003,2,57,95,-40
20210117,S92000003,3,56,93,-39.8
20210117,S92000003,4,57,66,-13.6
20210117,S92000003,5,28,67.5,-58.5
20210124,S92000003,1,78,110,-29.1
20210124,S92000003,2,37,90.5,-59.1
20210124,S92000003,3,72,80.5,-10.6
20210124,S92000003,4,64,83,-22.9
20210124,S92000003,5,30,55.5,-45.9
20210131,S92000003,1,75,117,-35.9
20210131,S92000003,2,64,91,-29.7
20210131,S92000003,3,70,86.5,-19.1
20210131,S92000003,4,59,86,-31.4
20210131,S92000003,5,39,53,-26.4
20210207,S92000003,1,63,115,-45.2
20210207,S92000003,2,61,108.5,-43.8
20210207,S92000003,3,68,83,-18.1
20210207,S92000003,4,83,91,-8.8
20210207,S92000003,5,33,62,-46.8
20210214,S92000003,1,75,119.5,-37.2
20210214,S92000003,2,57,86,-33.7
20210214,S92000003,3,55,79.5,-30.8
20210214,S92000003,4,55,80,-31.2
20210214,S92000003,5,39,62,-37.1
20210221,S92000003,1,75,117,-35.9
20210221,S92000003,2,78,98,-20.4
20210221,S92000003,3,84,93.5,-10.2
20210221,S92000003,4,54,87,-37.9
20210221,S92000003,5,46,65.5,-29.8
20210228,S92000003,1,76,107.5,-29.3
20210228,S92000003,2,63,87.5,-28
20210228,S92000003,3,72,79,-8.9
20210228,S92000003,4,65,85.5,-24
20210228,S92000003,5,44,61.5,-28.5
20210307,S92000003,1,68,106.5,-36.2
20210307,S92000003,2,53,85.5,-38
20210307,S92000003,3,72,86.5,-16.8
20210307,S92000003,4,64,101.5,-36.9
20210307,S92000003,5,50,69.5,-28.1
20210314,S92000003,1,77,111,-30.6
20210314,S92000003,2,66,95,-30.5
20210314,S92000003,3,63,100.5,-37.3
20210314,S92000003,4,81,87,-6.9
20210314,S92000003,5,46,63.5,-27.6
20210321,S92000003,1,96,100.5,-4.5
20210321,S92000003,2,60,85,-29.4
20210321,S92000003,3,67,93,-28
20210321,S92000003,4,62,88.5,-29.9
20210321,S92000003,5,50,66.5,-24.8
20210328,S92000003,1,89,118,-24.6
20210328,S92000003,2,49,91.5,-46.4
20210328,S92000003,3,81,88,-8
20210328,S92000003,4,69,83,-16.9
20210328,S92000003,5,46,52,-11.5
20210404,S92000003,1,94,100,-6
20210404,S92000003,2,65,80,-18.8
20210404,S92000003,3,79,85,-7.1
20210404,S92000003,4,80,84.5,-5.3
20210404,S92000003,5,54,59.5,-9.2
20210411,S92000003,1,70,130,-46.2
20210411,S92000003,2,76,85.5,-11.1
20210411,S92000003,3,74,80,-7.5
20210411,S92000003,4,72,78,-7.7
20210411,S92000003,5,53,54,-1.9
20210418,S92000003,1,76,110,-30.9
20210418,S92000003,2,64,88.5,-27.7
20210418,S92000003,3,71,90,-21.1
20210418,S92000003,4,72,90,-20
20210418,S92000003,5,61,65,-6.2
20210425,S92000003,1,95,119.5,-20.5
20210425,S92000003,2,62,89,-30.3
20210425,S92000003,3,58,88.5,-34.5
20210425,S92000003,4,67,78,-14.1
20210425,S92000003,5,57,57.5,-0.9
20210502,S92000003,1,72,103,-30.1
20210502,S92000003,2,80,92.5,-13.5
20210502,S92000003,3,76,93,-18.3
20210502,S92000003,4,65,89,-27
20210502,S92000003,5,60,59,1.7
20210509,S92000003,1,90,107.5,-16.3
20210509,S92000003,2,80,85,-5.9
20210509,S92000003,3,85,71.5,18.9
20210509,S92000003,4,69,72,-4.2
20210509,S92000003,5,63,52.5,20
20210516,S92000003,1,113,109.5,3.2
20210516,S92000003,2,84,95.5,-12
20210516,S92000003,3,108,87.5,23.4
20210516,S92000003,4,98,81.5,20.2
20210516,S92000003,5,62,64.5,-3.9
20210523,S92000003,1,101,111,-9
20210523,S92000003,2,79,76.5,3.3
20210523,S92000003,3,106,79.5,33.3
20210523,S92000003,4,76,74.5,2
20210523,S92000003,5,49,61.5,-20.3
20210530,S92000003,1,97,106,-8.5
20210530,S92000003,2,96,76.5,25.5
20210530,S92000003,3,109,87,25.3
20210530,S92000003,4,93,84,10.7
20210530,S92000003,5,67,60,11.7
20210606,S92000003,1,99,104.5,-5.3
20210606,S92000003,2,77,79.5,-3.1
20210606,S92000003,3,91,82,11
20210606,S92000003,4,80,69,15.9
20210606,S92000003,5,55,59,-6.8
20210613,S92000003,1,111,103.5,7.2
20210613,S92000003,2,69,79.5,-13.2
20210613,S92000003,3,70,81,-13.6
20210613,S92000003,4,85,71.5,18.9
20210613,S92000003,5,60,58.5,2.6
20210620,S92000003,1,105,97,8.2
20210620,S92000003,2,78,73,6.8
20210620,S92000003,3,88,84,4.8
20210620,S92000003,4,85,77.5,9.7
20210620,S92000003,5,58,63.5,-8.7
20210627,S92000003,1,100,86,16.3
20210627,S92000003,2,110,81,35.8
20210627,S92000003,3,70,76,-7.9
20210627,S92000003,4,84,74.5,12.8
20210627,S92000003,5,57,46.5,22.6
20210704,S92000003,1,90,84,7.1
20210704,S92000003,2,81,88,-8
20210704,S92000003,3,76,75,1.3
20210704,S92000003,4,71,67,6
20210704,S92000003,5,61,59.5,2.5
20210711,S92000003,1,104,98.5,5.6
20210711,S92000003,2,93,88.5,5.1
20210711,S92000003,3,100,76.5,30.7
20210711,S92000003,4,89,76,17.1
20210711,S92000003,5,69,54.5,26.6
20210718,S92000003,1,87,100.5,-13.4
20210718,S92000003,2,80,90.5,-11.6
20210718,S92000003,3,71,71,-0
20210718,S92000003,4,72,79.5,-9.4
20210718,S92000003,5,57,45,26.7
20210725,S92000003,1,79,108.5,-27.2
20210725,S92000003,2,84,79.5,5.7
20210725,S92000003,3,73,75.5,-3.3
20210725,S92000003,4,83,70.5,17.7
20210725,S92000003,5,46,55.5,-17.1
20210801,S92000003,1,88,96.5,-8.8
20210801,S92000003,2,60,84.5,-29
20210801,S92000003,3,64,90.5,-29.3
20210801,S92000003,4,70,76.5,-8.5
20210801,S92000003,5,54,52,3.8
20210808,S92000003,1,92,96,-4.2
20210808,S92000003,2,79,85,-7.1
20210808,S92000003,3,81,80,1.2
20210808,S92000003,4,93,79,17.7
20210808,S92000003,5,51,44.5,14.6
20210815,S92000003,1,102,101,1
20210815,S92000003,2,90,79,13.9
20210815,S92000003,3,101,83.5,21
20210815,S92000003,4,94,77.5,21.3
20210815,S92000003,5,79,63,25.4
20210822,S92000003,1,90,130.5,-31
20210822,S92000003,2,78,87.5,-10.9
20210822,S92000003,3,91,87.5,4
20210822,S92000003,4,82,87,-5.7
20210822,S92000003,5,53,67.5,-21.5
20210829,S92000003,1,90,108,-16.7
20210829,S92000003,2,91,96,-5.2
20210829,S92000003,3,91,96,-5.2
20210829,S92000003,4,76,87,-12.6
20210829,S92000003,5,45,65,-30.8
20210905,S92000003,1,83,98.5,-15.7
20210905,S92000003,2,72,81,-11.1
20210905,S92000003,3,82,77,6.5
20210905,S92000003,4,85,82.5,3
20210905,S92000003,5,62,59,5.1
20210912,S92000003,1,105,100,5
20210912,S92000003,2,72,88.5,-18.6
20210912,S92000003,3,81,81,-0
20210912,S92000003,4,88,79,11.4
20210912,S92000003,5,68,63.5,7.1
20210919,S92000003,1,101,114.5,-11.8
20210919,S92000003,2,75,94.5,-20.6
20210919,S92000003,3,77,81.5,-5.5
20210919,S92000003,4,86,75.5,13.9
20210919,S92000003,5,51,54.5,-6.4
20210926,S92000003,1,77,119.5,-35.6
20210926,S92000003,2,86,97,-11.3
20210926,S92000003,3,90,96.5,-6.7
20210926,S92000003,4,88,90.5,-2.8
20210926,S92000003,5,43,59,-27.1
20211003,S92000003,1,70,104.5,-33
20211003,S92000003,2,82,86.5,-5.2
20211003,S92000003,3,89,70.5,26.2
20211003,S92000003,4,76,88,-13.6
20211003,S92000003,5,58,64.5,-10.1
20211010,S92000003,1,91,107,-15
20211010,S92000003,2,80,87,-8
20211010,S92000003,3,73,80.5,-9.3
20211010,S92000003,4,85,81.5,4.3
20211010,S92000003,5,61,60,1.7
20211017,S92000003,1,92,111.5,-17.5
20211017,S92000003,2,80,98.5,-18.8
20211017,S92000003,3,90,81.5,10.4
20211017,S92000003,4,89,78,14.1
20211017,S92000003,5,55,53,3.8
20211024,S92000003,1,95,98.5,-3.6
20211024,S92000003,2,88,90.5,-2.8
20211024,S92000003,3,90,85,5.9
20211024,S92000003,4,82,80,2.5
20211024,S92000003,5,68,53.5,27.1
20211031,S92000003,1,87,110,-20.9
20211031,S92000003,2,83,81,2.5
20211031,S92000003,3,84,74,13.5
20211031,S92000003,4,79,82.5,-4.2
20211031,S92000003,5,67,58.5,14.5
20211107,S92000003,1,97,106,-8.5
20211107,S92000003,2,66,84,-21.4
20211107,S92000003,3,77,90.5,-14.9
20211107,S92000003,4,65,78.5,-17.2
20211107,S92000003,5,55,57.5,-4.3
20211114,S92000003,1,70,128.5,-45.5
20211114,S92000003,2,87,105,-17.1
20211114,S92000003,3,100,88,13.6
20211114,S92000003,4,90,83.5,7.8
20211114,S92000003,5,60,58.5,2.6
20211121,S92000003,1,91,115,-20.9
20211121,S92000003,2,81,79.5,1.9
20211121,S92000003,3,96,83.5,15
20211121,S92000003,4,92,76,21.1
20211121,S92000003,5,48,60.5,-20.7
20211128,S92000003,1,107,95.5,12
20211128,S92000003,2,77,87.5,-12
20211128,S92000003,3,95,80,18.8
20211128,S92000003,4,77,81,-4.9
20211128,S92000003,5,66,57.5,14.8
20211205,S92000003,1,99,99,-0
20211205,S92000003,2,66,88,-25
20211205,S92000003,3,67,91,-26.4
20211205,S92000003,4,95,97,-2.1
20211205,S92000003,5,58,55.5,4.5
20211212,S92000003,1,86,102.5,-16.1
20211212,S92000003,2,66,83,-20.5
20211212,S92000003,3,90,84,7.1
20211212,S92000003,4,100,80.5,24.2
20211212,S92000003,5,67,72.5,-7.6
20211219,S92000003,1,70,101,-30.7
20211219,S92000003,2,74,87.5,-15.4
20211219,S92000003,3,78,93.5,-16.6
20211219,S92000003,4,83,93,-10.8
20211219,S92000003,5,52,58.5,-11.1
20211226,S92000003,1,80,102,-21.6
20211226,S92000003,2,72,89.5,-19.6
20211226,S92000003,3,68,80.5,-15.5
20211226,S92000003,4,73,80.5,-9.3
20211226,S92000003,5,54,59,-8.5
20220102,S92000003,1,104,97,7.2
20220102,S92000003,2,74,91.5,-19.1
20220102,S92000003,3,93,87.5,6.3
20220102,S92000003,4,81,75.5,7.3
20220102,S92000003,5,48,62.5,-23.2
20220109,S92000003,1,81,107.5,-24.7
20220109,S92000003,2,97,99,-2
20220109,S92000003,3,84,86.5,-2.9
20220109,S92000003,4,108,82.5,30.9
20220109,S92000003,5,44,62.5,-29.6
20220116,S92000003,1,101,119.5,-15.5
20220116,S92000003,2,81,95,-14.7
20220116,S92000003,3,68,93,-26.9
20220116,S92000003,4,77,66,16.7
20220116,S92000003,5,54,67.5,-20
20220123,S92000003,1,94,110,-14.5
20220123,S92000003,2,89,90.5,-1.7
20220123,S92000003,3,76,80.5,-5.6
20220123,S92000003,4,67,83,-19.3
20220123,S92000003,5,55,55.5,-0.9
20220130,S92000003,1,100,117,-14.5
20220130,S92000003,2,85,91,-6.6
20220130,S92000003,3,73,86.5,-15.6
20220130,S92000003,4,79,86,-8.1
20220130,S92000003,5,50,53,-5.7
20220206,S92000003,1,89,115,-22.6
20220206,S92000003,2,69,108.5,-36.4
20220206,S92000003,3,88,83,6
20220206,S92000003,4,90,91,-1.1
20220206,S92000003,5,55,62,-11.3
20220213,S92000003,1,98,119.5,-18
20220213,S92000003,2,88,86,2.3
20220213,S92000003,3,75,79.5,-5.7
20220213,S92000003,4,94,80,17.5
20220213,S92000003,5,58,62,-6.5
20220220,S92000003,1,98,117,-16.2
20220220,S92000003,2,89,98,-9.2
20220220,S92000003,3,69,93.5,-26.2
20220220,S92000003,4,96,87,10.3
20220220,S92000003,5,60,65.5,-8.4
20220227,S92000003,1,112,107.5,4.2
20220227,S92000003,2,66,87.5,-24.6
20220227,S92000003,3,100,79,26.6
20220227,S92000003,4,93,85.5,8.8
20220227,S92000003,5,67,61.5,8.9
20220306,S92000003,1,80,106.5,-24.9
20220306,S92000003,2,65,85.5,-24
20220306,S92000003,3,101,86.5,16.8
20220306,S92000003,4,76,101.5,-25.1
20220306,S92000003,5,45,69.5,-35.3
20220313,S92000003,1,105,111,-5.4
20220313,S92000003,2,86,95,-9.5
20220313,S92000003,3,102,100.5,1.5
20220313,S92000003,4,77,87,-11.5
20220313,S92000003,5,51,63.5,-19.7
20220320,S92000003,1,87,100.5,-13.4
20220320,S92000003,2,67,85,-21.2
20220320,S92000003,3,77,93,-17.2
20220320,S92000003,4,86,88.5,-2.8
20220320,S92000003,5,44,66.5,-33.8
20220327,S92000003,1,70,118,-40.7
20220327,S92000003,2,75,91.5,-18
20220327,S92000003,3,83,88,-5.7
20220327,S92000003,4,91,83,9.6
20220327,S92000003,5,50,52,-3.8
20220403,S92000003,1,67,100,-33
20220403,S92000003,2,63,80,-21.2
20220403,S92000003,3,90,85,5.9
20220403,S92000003,4,75,84.5,-11.2
20220403,S92000003,5,58,59.5,-2.5
20220410,S92000003,1,92,130,-29.2
20220410,S92000003,2,64,85.5,-25.1
20220410,S92000003,3,86,80,7.5
20220410,S92000003,4,67,78,-14.1
20220410,S92000003,5,55,54,1.9
20220417,S92000003,1,88,110,-20
20220417,S92000003,2,80,88.5,-9.6
20220417,S92000003,3,70,90,-22.2
20220417,S92000003,4,90,90,-0
20220417,S92000003,5,51,65,-21.5
20220424,S92000003,1,93,119.5,-22.2
20220424,S92000003,2,82,89,-7.9
20220424,S92000003,3,81,88.5,-8.5
20220424,S92000003,4,94,78,20.5
20220424,S92000003,5,45,57.5,-21.7
20220501,S92000003,1,80,103,-22.3
20220501,S92000003,2,71,92.5,-23.2
20220501,S92000003,3,90,93,-3.2
20220501,S92000003,4,75,89,-15.7
20220501,S92000003,5,52,59,-11.9
20220508,S92000003,1,72,107.5,-33
20220508,S92000003,2,78,85,-8.2
20220508,S92000003,3,80,71.5,11.9
20220508,S92000003,4,66,72,-8.3
20220508,S92000003,5,52,52.5,-1
20220515,S92000003,1,109,109.5,-0.5
20220515,S92000003,2,68,95.5,-28.8
20220515,S92000003,3,84,87.5,-4
20220515,S92000003,4,82,81.5,0.6
20220515,S92000003,5,60,64.5,-7
20220522,S92000003,1,78,111,-29.7
20220522,S92000003,2,77,76.5,0.7
20220522,S92000003,3,96,79.5,20.8
20220522,S92000003,4,56,74.5,-24.8
20220522,S92000003,5,51,61.5,-17.1
20220529,S92000003,1,92,106,-13.2
20220529,S92000003,2,65,76.5,-15
20220529,S92000003,3,80,87,-8
20220529,S92000003,4,87,84,3.6
20220529,S92000003,5,58,60,-3.3
20220605,S92000003,1,84,104.5,-19.6
20220605,S92000003,2,76,79.5,-4.4
20220605,S92000003,3,59,82,-28
20220605,S92000003,4,85,69,23.2
20220605,S92000003,5,53,59,-10.2
20220612,S92000003,1,93,103.5,-10.1
20220612,S92000003,2,83,79.5,4.4
20220612,S92000003,3,87,81,7.4
20220612,S92000003,4,81,71.5,13.3
20220612,S92000003,5,48,58.5,-17.9
20220619,S92000003,1,79,97,-18.6
20220619,S92000003,2,73,73,-0
20220619,S92000003,3,81,84,-3.6
20220619,S92000003,4,65,77.5,-16.1
20220619,S92000003,5,51,63.5,-19.7
20220626,S92000003,1,78,86,-9.3
20220626,S92000003,2,73,81,-9.9
20220626,S92000003,3,72,76,-5.3
20220626,S92000003,4,81,74.5,8.7
20220626,S92000003,5,48,46.5,3.2
20220703,S92000003,1,87,84,3.6
20220703,S92000003,2,66,88,-25
20220703,S92000003,3,77,75,2.7
20220703,S92000003,4,75,67,11.9
20220703,S92000003,5,50,59.5,-16
20220710,S92000003,1,62,98.5,-37.1
20220710,S92000003,2,77,88.5,-13
20220710,S92000003,3,59,76.5,-22.9
20220710,S92000003,4,62,76,-18.4
20220710,S92000003,5,53,54.5,-2.8
20220717,S92000003,1,80,100.5,-20.4
20220717,S92000003,2,73,90.5,-19.3
20220717,S92000003,3,79,71,11.3
20220717,S92000003,4,72,79.5,-9.4
20220717,S92000003,5,57,45,26.7
20220724,S92000003,1,83,108.5,-23.5
20220724,S92000003,2,81,79.5,1.9
20220724,S92000003,3,87,75.5,15.2
20220724,S92000003,4,71,70.5,0.7
20220724,S92000003,5,43,55.5,-22.5
20220731,S92000003,1,104,96.5,7.8
20220731,S92000003,2,64,84.5,-24.3
20220731,S92000003,3,79,90.5,-12.7
20220731,S92000003,4,80,76.5,4.6
20220731,S92000003,5,50,52,-3.8
20220807,S92000003,1,90,96,-6.2
20220807,S92000003,2,73,85,-14.1
20220807,S92000003,3,96,80,20
20220807,S92000003,4,62,79,-21.5
20220807,S92000003,5,52,44.5,16.9
20220814,S92000003,1,92,101,-8.9
20220814,S92000003,2,80,79,1.3
20220814,S92000003,3,99,83.5,18.6
20220814,S92000003,4,77,77.5,-0.6
20220814,S92000003,5,54,63,-14.3
20220821,S92000003,1,86,130.5,-34.1
20220821,S92000003,2,83,87.5,-5.1
20220821,S92000003,3,90,87.5,2.9
20220821,S92000003,4,82,87,-5.7
20220821,S92000003,5,58,67.5,-14.1
20220828,S92000003,1,90,108,-16.7
20220828,S92000003,2,82,96,-14.6
20220828,S92000003,3,83,96,-13.5
20220828,S92000003,4,75,87,-13.8
20220828,S92000003,5,59,65,-9.2
20220904,S92000003,1,93,98.5,-5.6
20220904,S92000003,2,95,81,17.3
20220904,S92000003,3,94,77,22.1
20220904,S92000003,4,90,82.5,9.1
20220904,S92000003,5,59,59,-0
20220911,S92000003,1,101,100,1
20220911,S92000003,2,80,88.5,-9.6
20220911,S92000003,3,85,81,4.9
20220911,S92000003,4,102,79,29.1
20220911,S92000003,5,62,63.5,-2.4
20220918,S92000003,1,92,114.5,-19.7
20220918,S92000003,2,77,94.5,-18.5
20220918,S92000003,3,98,81.5,20.2
20220918,S92000003,4,75,75.5,-0.7
20220918,S92000003,5,59,54.5,8.3
20220925,S92000003,1,98,119.5,-18
20220925,S92000003,2,79,97,-18.6
20220925,S92000003,3,74,96.5,-23.3
20220925,S92000003,4,86,90.5,-5
20220925,S92000003,5,64,59,8.5
20221002,S92000003,1,92,104.5,-12
20221002,S92000003,2,94,86.5,8.7
20221002,S92000003,3,111,70.5,57.4
20221002,S92000003,4,92,88,4.5
20221002,S92000003,5,65,64.5,0.8
20221009,S92000003,1,101,107,-5.6
20221009,S92000003,2,84,87,-3.4
20221009,S92000003,3,94,80.5,16.8
20221009,S92000003,4,88,81.5,8
20221009,S92000003,5,49,60,-18.3
20221016,S92000003,1,86,111.5,-22.9
20221016,S92000003,2,77,98.5,-21.8
20221016,S92000003,3,98,81.5,20.2
20221016,S92000003,4,81,78,3.8
20221016,S92000003,5,65,53,22.6
20221023,S92000003,1,82,98.5,-16.8
20221023,S92000003,2,97,90.5,7.2
20221023,S92000003,3,86,85,1.2
20221023,S92000003,4,77,80,-3.8
20221023,S92000003,5,56,53.5,4.7
20221030,S92000003,1,85,110,-22.7
20221030,S92000003,2,101,81,24.7
20221030,S92000003,3,98,74,32.4
20221030,S92000003,4,78,82.5,-5.5
20221030,S92000003,5,63,58.5,7.7
20221106,S92000003,1,80,106,-24.5
20221106,S92000003,2,76,84,-9.5
20221106,S92000003,3,82,90.5,-9.4
20221106,S92000003,4,85,78.5,8.3
20221106,S92000003,5,53,57.5,-7.8
20221113,S92000003,1,92,128.5,-28.4
20221113,S92000003,2,73,105,-30.5
20221113,S92000003,3,83,88,-5.7
20221113,S92000003,4,88,83.5,5.4
20221113,S92000003,5,53,58.5,-9.4
20221120,S92000003,1,93,115,-19.1
20221120,S92000003,2,76,79.5,-4.4
20221120,S92000003,3,83,83.5,-0.6
20221120,S92000003,4,93,76,22.4
20221120,S92000003,5,69,60.5,14
20221127,S92000003,1,102,95.5,6.8
20221127,S92000003,2,68,87.5,-22.3
20221127,S92000003,3,73,80,-8.8
20221127,S92000003,4,80,81,-1.2
20221127,S92000003,5,67,57.5,16.5
20221204,S92000003,1,81,99,-18.2
20221204,S92000003,2,67,88,-23.9
20221204,S92000003,3,78,91,-14.3
20221204,S92000003,4,59,97,-39.2
20221204,S92000003,5,44,55.5,-20.7
20221211,S92000003,1,69,102.5,-32.7
20221211,S92000003,2,62,83,-25.3
20221211,S92000003,3,69,84,-17.9
20221211,S92000003,4,74,80.5,-8.1
20221211,S92000003,5,57,72.5,-21.4
20221218,S92000003,1,83,101,-17.8
20221218,S92000003,2,80,87.5,-8.6
20221218,S92000003,3,70,93.5,-25.1
20221218,S92000003,4,90,93,-3.2
20221218,S92000003,5,43,58.5,-26.5
20221225,S92000003,1,92,102,-9.8
20221225,S92000003,2,78,89.5,-12.8
20221225,S92000003,3,70,80.5,-13
20221225,S92000003,4,65,80.5,-19.3
20221225,S92000003,5,50,59,-15.3
20230101,S92000003,1,65,97,-33
20230101,S92000003,2,74,91.5,-19.1
20230101,S92000003,3,72,87.5,-17.7
20230101,S92000003,4,76,75.5,0.7
20230101,S92000003,5,62,62.5,-0.8
20230108,S92000003,1,75,107.5,-30.2
20230108,S92000003,2,60,99,-39.4
20230108,S92000003,3,105,86.5,21.4
20230108,S92000003,4,69,82.5,-16.4
20230108,S92000003,5,42,62.5,-32.8
20230115,S92000003,1,90,119.5,-24.7
20230115,S92000003,2,74,95,-22.1
20230115,S92000003,3,81,93,-12.9
20230115,S92000003,4,77,66,16.7
20230115,S92000003,5,56,67.5,-17
20230122,S92000003,1,67,110,-39.1
20230122,S92000003,2,61,90.5,-32.6
20230122,S92000003,3,68,80.5,-15.5
20230122,S92000003,4,68,83,-18.1
20230122,S92000003,5,53,55.5,-4.5
20230129,S92000003,1,77,117,-34.2
20230129,S92000003,2,55,91,-39.6
20230129,S92000003,3,59,86.5,-31.8
20230129,S92000003,4,70,86,-18.6
20230129,S92000003,5,38,53,-28.3
20230205,S92000003,1,86,115,-25.2
20230205,S92000003,2,80,108.5,-26.3
20230205,S92000003,3,95,83,14.5
20230205,S92000003,4,80,91,-12.1
20230205,S92000003,5,61,62,-1.6
20230212,S92000003,1,94,119.5,-21.3
20230212,S92000003,2,67,86,-22.1
20230212,S92000003,3,67,79.5,-15.7
20230212,S92000003,4,67,80,-16.2
20230212,S92000003,5,38,62,-38.7
20230219,S92000003,1,86,117,-26.5
20230219,S92000003,2,72,98,-26.5
20230219,S92000003,3,78,93.5,-16.6
20230219,S92000003,4,93,87,6.9
20230219,S92000003,5,48,65.5,-26.7
20230226,S92000003,1,77,107.5,-28.4
20230226,S92000003,2,77,87.5,-12
20230226,S92000003,3,86,79,8.9
20230226,S92000003,4,83,85.5,-2.9
20230226,S92000003,5,63,61.5,2.4
20230305,S92000003,1,70,106.5,-34.3
20230305,S92000003,2,80,85.5,-6.4
20230305,S92000003,3,77,86.5,-11
20230305,S92000003,4,65,101.5,-36
20230305,S92000003,5,47,69.5,-32.4
20230312,S92000003,1,95,111,-14.4
20230312,S92000003,2,76,95,-20
20230312,S92000003,3,91,100.5,-9.5
20230312,S92000003,4,99,87,13.8
20230312,S92000003,5,56,63.5,-11.8
20230319,S92000003,1,85,100.5,-15.4
20230319,S92000003,2,91,85,7.1
20230319,S92000003,3,83,93,-10.8
20230319,S92000003,4,93,88.5,5.1
20230319,S92000003,5,52,66.5,-21.8
20230326,S92000003,1,103,118,-12.7
20230326,S92000003,2,76,91.5,-16.9
20230326,S92000003,3,81,88,-8
20230326,S92000003,4,79,83,-4.8
20230326,S92000003,5,56,52,7.7
20230402,S92000003,1,74,100,-26
20230402,S92000003,2,82,80,2.5
20230402,S92000003,3,73,85,-14.1
20230402,S92000003,4,87,84.5,3
20230402,S92000003,5,57,59.5,-4.2
20230409,S92000003,1,74,130,-43.1
20230409,S92000003,2,66,85.5,-22.8
20230409,S92000003,3,77,80,-3.8
20230409,S92000003,4,73,78,-6.4
20230409,S92000003,5,54,54,-0
20230416,S92000003,1,104,110,-5.5
20230416,S92000003,2,87,88.5,-1.7
20230416,S92000003,3,95,90,5.6
20230416,S92000003,4,79,90,-12.2
20230416,S92000003,5,55,65,-15.4
20230423,S92000003,1,87,119.5,-27.2
20230423,S92000003,2,78,89,-12.4
20230423,S92000003,3,79,88.5,-10.7
20230423,S92000003,4,85,78,9
20230423,S92000003,5,58,57.5,0.9
20230430,S92000003,1,94,103,-8.7
20230430,S92000003,2,83,92.5,-10.3
20230430,S92000003,3,72,93,-22.6
20230430,S92000003,4,105,89,18
20230430,S92000003,5,57,59,-3.4
20230507,S92000003,1,99,107.5,-7.9
20230507,S92000003,2,80,85,-5.9
20230507,S92000003,3,95,71.5,32.9
20230507,S92000003,4,104,72,44.4
20230507,S92000003,5,49,52.5,-6.7
20230514,S92000003,1,82,109.5,-25.1
20230514,S92000003,2,64,95.5,-33
20230514,S92000003,3,94,87.5,7.4
20230514,S92000003,4,81,81.5,-0.6
20230514,S92000003,5,51,64.5,-20.9
20230521,S92000003,1,101,111,-9
20230521,S92000003,2,69,76.5,-9.8
20230521,S92000003,3,84,79.5,5.7
20230521,S92000003,4,81,74.5,8.7
20230521,S92000003,5,63,61.5,2.4
