Location,LocationName,Postcode,AddressLine,HB,HSCP,HSCPQF,CA,CAQF,IntZone,IntZoneQF,DataZone,DataZoneQF,XCoordinate,YCoordinate,BasedOnPostcode,longitude,latitude,hbt,mean.x,mean.y,mean_diff
A101H,Arran War Memorial Hospital,KA27 8LF,"Lamlash, Isle of Arran",S08000015,S37000020,NA,S12000021,NA,S02002097,NA,S01011176,NA,203533,632121,NA,-5.115521458311502,55.54311962497462,S08000015,111.40476190476188,184.2941176470588,72.88935574229693
A103H,Ayrshire Central Hospital,KA12 8SS,"Kilwinning Road, Irvine",S08000015,S37000020,NA,S12000021,NA,S02002105,NA,S01011213,NA,231514,641144,NA,-4.678127739005853,55.634573849615265,S08000015,111.40476190476188,184.2941176470588,72.88935574229693
A105H,Kirklandside Hospital,KA1 5LH,"Kirklandside, Kilmarnock, Ayrshire",S08000015,S37000008,NA,S12000008,NA,S02001492,NA,S01007961,NA,244240.02,636263.4,NA,-4.473421138697357,55.595006062510784,S08000015,111.40476190476188,184.2941176470588,72.88935574229693
A110H,Lady Margaret Hospital,KA28 0HF,"College St, Millport, Isle of Cumbrae",S08000015,S37000020,NA,S12000021,NA,S02002128,NA,S01011328,NA,216713,655863,NA,-4.922776217072335,55.76129992100956,S08000015,111.40476190476188,184.2941176470588,72.88935574229693
A111H,University Hospital Crosshouse,KA2 0BE,"Kilmarnock Road, Kilmarnock, Ayrshire",S08000015,S37000008,NA,S12000008,NA,S02001504,NA,S01008027,NA,240159.8,638520.4,NA,-4.539412042256777,55.61394328791841,S08000015,111.40476190476188,184.2941176470588,72.88935574229693
A112H,Brooksby Day Hospital,KA30 8NE,"18 Greenock Road, Largs",S08000015,S37000020,NA,S12000021,NA,S02002129,NA,S01011329,NA,220335,659862,Yes,-4.867767693519654,55.79854438678266,S08000015,111.40476190476188,184.2941176470588,72.88935574229693
A114H,Warrix Avenue Mental Health Community Rehabilitation Unit,KA12 0DP,"Warrix Avenue, Irvine",S08000015,S37000020,NA,S12000021,NA,S02002109,NA,S01011229,NA,232545,638575,Yes,-4.660205883319174,55.61187194644128,S08000015,111.40476190476188,184.2941176470588,72.88935574229693
A201H,Ailsa Hospital,KA6 6AB,"Dalmellington Road, Ayr",S08000015,S37000027,NA,S12000028,NA,S02002333,NA,S01012444,NA,236032,618646,NA,-4.593107536329703,55.434174403518774,S08000015,111.40476190476188,184.2941176470588,72.88935574229693
A202E,Maybole Day Hospital,KA19 7BY,"6 High Street, Maybole",S08000015,S37000027,NA,S12000028,NA,S02002332,NA,S01012439,NA,230096,610018,Yes,-4.681563274790319,55.354708804328766,S08000015,111.40476190476188,184.2941176470588,72.88935574229693
A208H,Biggart Hospital,KA9 2HQ,"Biggart Road, Prestwick",S08000015,S37000027,NA,S12000028,NA,S02002347,NA,S01012529,NA,235532,625171,NA,-4.604861931151369,55.49257637685811,S08000015,111.40476190476188,184.2941176470588,72.88935574229693
A210H,University Hospital Ayr,KA6 6DX,"Dalmellington Road, Ayr",S08000015,S37000027,NA,S12000028,NA,S02002333,NA,S01012444,NA,235861,618224,NA,-4.595558414766277,55.43032913030746,S08000015,111.40476190476188,184.2941176470588,72.88935574229693
A211H,Arrol Park Resource Centre,KA7 4DW,"10 Doonfoot Road, Ayr",S08000015,S37000027,NA,S12000028,NA,S02002335,NA,S01012451,NA,233146,620423,NA,-4.639733026144772,55.44914997478811,S08000015,111.40476190476188,184.2941176470588,72.88935574229693
A214H,Three Towns Resource Centre,KA21 5RF,"Nelson Road, Saltcoats",S08000015,S37000020,NA,S12000021,NA,S02002111,NA,S01011237,NA,225677,641933,NA,-4.771234860289866,55.63959692491709,S08000015,111.40476190476188,184.2941176470588,72.88935574229693
A215H,East Ayrshire Community Hospital,KA18 1EF,"Ayr Road, Cumnock",S08000015,S37000008,NA,S12000008,NA,S02001484,NA,S01007918,NA,256352,619976,NA,-4.272934296793622,55.452498516795806,S08000015,111.40476190476188,184.2941176470588,72.88935574229693
A216H,Girvan Community Hospital,KA26 9HQ,"Bridgemill, Girvan, Ayrshire",S08000015,S37000027,NA,S12000028,NA,S02002331,NA,S01012433,NA,219127,598598,NA,-4.846997299661255,55.24830304043763,S08000015,111.40476190476188,184.2941176470588,72.88935574229693
A217H,Woodland View,KA12 8SS,"Ayrshire Central Hospital, Kilwinning Road, Irvine",S08000015,S37000020,NA,S12000021,NA,S02002105,NA,S01011213,NA,231641,641194,Yes,-4.676143299976506,55.635066620140535,S08000015,111.40476190476188,184.2941176470588,72.88935574229693
B103H,The Knoll Hospital,TD11 3EL,"Station Road, Duns",S08000016,S37000025,NA,S12000026,NA,S02002304,NA,S01012305,NA,378679,653306,Yes,-2.3414250821292653,55.77261253159919,S08000016,33.42857142857143,61.23529411764706,27.806722689075627
B104H,Galavale House,TD1 3EB,"Tweed Road, Galashiels",S08000016,S37000025,NA,S12000026,NA,S02002299,NA,S01012282,NA,350378,635136,Yes,-2.789212453105646,55.6072868280822,S08000016,33.42857142857143,61.23529411764706,27.806722689075627
B105H,Hawick Community  Hospital,TD9 7AH,"Victoria Road, Hawick",S08000016,S37000025,NA,S12000026,NA,S02002319,NA,S01012372,NA,349809,614689,NA,-2.794532371877845,55.423521856899704,S08000016,33.42857142857143,61.23529411764706,27.806722689075627
B108H,Andrew Lang Unit,TD7 4LH,"Viewfield House, Selkirk",S08000016,S37000025,NA,S12000026,NA,S02002321,NA,S01012384,NA,347045,628835,Yes,-2.8408999161339836,55.55032467814843,S08000016,33.42857142857143,61.23529411764706,27.806722689075627
B114H,Kelso Hospital,TD5 7JP,"Inch Road, Kelso",S08000016,S37000025,NA,S12000026,NA,S02002310,NA,S01012337,NA,372790,634491,Yes,-2.4334180759705597,55.60326532821214,S08000016,33.42857142857143,61.23529411764706,27.806722689075627
B118H,Hay Lodge Hospital,EH45 8JG,"Neidpath Road, Peebles",S08000016,S37000025,NA,S12000026,NA,S02002293,NA,S01012253,NA,324699,640483,Yes,-3.1981985361432965,55.652019964666195,S08000016,33.42857142857143,61.23529411764706,27.806722689075627
B120H,Borders General Hospital,TD6 9BS,Melrose,S08000016,S37000025,NA,S12000026,NA,S02002320,NA,S01012377,NA,353342,633789,NA,-2.7419408092081268,55.595478477570325,S08000016,33.42857142857143,61.23529411764706,27.806722689075627
B121H,Hawick Psychiatric Day Hospital,TD9 7AH,"c/o Hawick Community Hospital, Victoria Road, Hawick",S08000016,S37000025,NA,S12000026,NA,S02002319,NA,S01012372,NA,349980,614713,Yes,-2.7918353049788927,55.423755008050904,S08000016,33.42857142857143,61.23529411764706,27.806722689075627
B122H,Hawick Psychogeriatric Day Hospital,TD9 0BG,"West Port, Drumlanrig Square, Hawick",S08000016,S37000025,NA,S12000026,NA,S02002318,NA,S01012370,NA,350068,614234,Yes,-2.790359133274917,55.419460342245145,S08000016,33.42857142857143,61.23529411764706,27.806722689075627
B123H,Peebles Psychogeriatric Day Hospital,EH45 8BD,"Firholm, Innerleithen Road, Peebles",S08000016,S37000025,NA,S12000026,NA,S02002293,NA,S01012255,NA,325669,640412,Yes,-3.1827683859686964,55.65153168996438,S08000016,33.42857142857143,61.23529411764706,27.806722689075627
B124H,Galashiels Psychogeriatric Day Hospital,TD1 1ST,"Sime Place, Galashiels",S08000016,S37000025,NA,S12000026,NA,S02002297,NA,S01012275,NA,349132,636322,Yes,-2.809207546937752,55.617813381407025,S08000016,33.42857142857143,61.23529411764706,27.806722689075627
B127H,Eyemouth Day Hospital,TD14 5DA,"Houndlaw Park, Eyemouth",S08000016,S37000025,NA,S12000026,NA,S02002306,NA,S01012316,NA,394406,664226,NA,-2.090966734426219,55.87116908925566,S08000016,33.42857142857143,61.23529411764706,27.806722689075627
B128H,Crumhaugh House,TD9 0BA,"Crumhaugh Road, Hawick",S08000016,S37000025,NA,S12000026,NA,S02002318,NA,S01012371,NA,349595,614190,Yes,-2.7978226336903296,55.419016504382505,S08000016,33.42857142857143,61.23529411764706,27.806722689075627
B129H,Melburn Lodge,TD6 9BS,"Borders General Hospital, Melrose",S08000016,S37000025,NA,S12000026,NA,S02002320,NA,S01012377,NA,353341,633790,Yes,-2.7419568455604657,55.59548736605688,S08000016,33.42857142857143,61.23529411764706,27.806722689075627
B130H,Huntlyburn House,TD6 9BD,"The Cottages, Huntlyburn, Melrose",S08000016,S37000025,NA,S12000026,NA,S02002320,NA,S01012377,NA,352960,633584,Yes,-2.7479668559438752,55.59359982029975,S08000016,33.42857142857143,61.23529411764706,27.806722689075627
C101H,Argyll and Bute Hospital,PA31 8LD,"Blarbuie Road, Lochgilphead",S08000022,S37000004,NA,S12000035,NA,S02001376,NA,S01007317,NA,186468,687785,NA,-5.429116799163438,56.035206197279855,S08000022,127.33333333333333,137.94117647058823,10.607843137254903
C106H,Cowal Community Hospital,PA23 7RL,"360 Argyll Street, Dunoon",S08000022,S37000004,NA,S12000035,NA,S02001385,NA,S01007365,NA,217324,677908,NA,-4.927905423488718,55.95934522676916,S08000022,127.33333333333333,137.94117647058823,10.607843137254903
C108H,Islay Hospital,PA43 7JD,"Gortonvogie Road, Bowmore, Isle of Islay",S08000022,S37000004,NA,S12000035,NA,S02001378,NA,S01007327,NA,131615,659676,NA,-6.279234631669241,55.75578813235083,S08000022,127.33333333333333,137.94117647058823,10.607843137254903
C113H,Victoria Hospital,PA20 9JJ,"High Street, Rothesay",S08000022,S37000004,NA,S12000035,NA,S02001382,NA,S01007348,NA,208723,663909,NA,-5.055573966874414,55.83039819790351,S08000022,127.33333333333333,137.94117647058823,10.607843137254903
C114H,Victoria Hospital Annexe,PA20 9JH,"Townhead, Rothesay",S08000022,S37000004,NA,S12000035,NA,S02001382,NA,S01007348,NA,208772,663527,NA,-5.054523993288345,55.82699025205068,S08000022,127.33333333333333,137.94117647058823,10.607843137254903
C121H,Lorn & Islands Hospital,PA34 4HH,"Glengallan Road, Oban",S08000022,S37000004,NA,S12000035,NA,S02001371,NA,S01007291,NA,185665,728549,NA,-5.474938612814968,56.400418469365846,S08000022,127.33333333333333,137.94117647058823,10.607843137254903
C122H,Campbeltown Hospital,PA28 6LE,"Ralston Road, Campbeltown",S08000022,S37000004,NA,S12000035,NA,S02001380,NA,S01007337,NA,172003,619995,NA,-5.604279004919588,55.4206671488718,S08000022,127.33333333333333,137.94117647058823,10.607843137254903
C204H,Dumbarton Joint Hospital/Riverview Resource Centre,G82 5JA,"Cardross Road, Dumbarton",S08000031,S37000029,NA,S12000039,NA,S02002472,NA,S01013202,NA,238067,675883,NA,-4.594809764170137,55.94861253471847,S08000031,176.07142857142858,361.05882352941177,184.98739495798318
C206H,Vale of Leven General Hospital,G83 0UA,"North Main Street, Alexandria",S08000031,S37000029,NA,S12000039,NA,S02002476,NA,S01013228,NA,238439,680824,NA,-4.591824633964343,55.993085874084024,S08000031,176.07142857142858,361.05882352941177,184.98739495798318
C313H,Inverclyde Royal Hospital,PA16 0XN,"Larkfield Road, Greenock",S08000031,S37000017,NA,S12000018,NA,S02002041,NA,S01010856,NA,224623.63,675929.12,NA,-4.8098450049821215,55.94430786843811,S08000031,176.07142857142858,361.05882352941177,184.98739495798318
C403H,Dykebar Hospital,PA2 7DE,"Grahamston Road, Paisley",S08000031,S37000024,NA,S12000038,NA,S02002255,NA,S01012027,NA,249800.63,661444.48,NA,-4.3990843082041495,55.8228108769834,S08000031,176.07142857142858,361.05882352941177,184.98739495798318
C418H,Royal Alexandra Hospital,PA2 9PN,"Corsebar Road, Paisley",S08000031,S37000024,NA,S12000038,NA,S02002270,NA,S01012107,NA,247423,662910,NA,-4.43782149024335,55.83522081606429,S08000031,176.07142857142858,361.05882352941177,184.98739495798318
C419H,Larkfield Unit,PA16 0XN,"Inverclyde Royal Hospital, Larkfield Road, Greenock",S08000031,S37000017,NA,S12000018,NA,S02002041,NA,S01010856,NA,224623,675930,Yes,-4.809855651680081,55.9443155355991,S08000031,176.07142857142858,361.05882352941177,184.98739495798318
C420H,Blythswood House,PA4 8NT,"Fulbar Lane, Renfrew",S08000031,S37000024,NA,S12000038,NA,S02002282,NA,S01012186,NA,250679,667816,NA,-4.388585159933746,55.8802811457977,S08000031,176.07142857142858,361.05882352941177,184.98739495798318
D101H,State Hospital,ML11 8RP,Carstairs,SB0802,NA,z,NA,z,NA,z,NA,z,296304,645949,NA,-3.65131998983801,55.695877902008206,NA,NA,NA,NA
D102H,Golden Jubilee National Hospital,G81 4DY,"Agamemnon Street, Clydebank",SB0801,NA,z,NA,z,NA,z,NA,z,248478,670809,NA,-4.425411171770315,55.90646125639316,NA,NA,NA,NA
F701H,Cameron Hospital,KY8 5RR,"Cameron Bridge, Windygates, Fife",S08000029,S37000032,NA,S12000047,NA,S02001812,NA,S01009616,NA,334435,699815,NA,-3.057933416141155,56.186429257338006,S08000029,90.33333333333334,106.05882352941177,15.725490196078425
F704H,Victoria Hospital,KY2 5AH,"Hayfield Road, Kirkcaldy",S08000029,S37000032,NA,S12000047,NA,S02001793,NA,S01009522,NA,327977,693093,NA,-3.1601364305739432,56.12511416499539,S08000029,90.33333333333334,106.05882352941177,15.725490196078425
F705H,Victoria Maternity Unit,KY2 5AH,"Hayfield Road, Kirkcaldy",S08000029,S37000032,NA,S12000047,NA,S02001793,NA,S01009522,NA,327346,692288,NA,-3.170064657681852,56.11778741515185,S08000029,90.33333333333334,106.05882352941177,15.725490196078425
F708H,Adamson Hospital,KY15 4JG,"Bank Street, Cupar",S08000029,S37000032,NA,S12000047,NA,S02001827,NA,S01009687,NA,337144,715124,NA,-3.017939943920836,56.32431405781501,S08000029,90.33333333333334,106.05882352941177,15.725490196078425
F709H,St Andrews Community Hospital,KY16 8AR,"Largo Road, St Andrews",S08000029,S37000032,NA,S12000047,NA,S02001836,NA,S01009730,NA,350283,715321,NA,-2.8055539832195913,56.32764733874069,S08000029,90.33333333333334,106.05882352941177,15.725490196078425
F710H,Randolph Wemyss Memorial Hospital,KY8 1HU,"Wellesley Road, Buckhaven",S08000029,S37000032,NA,S12000047,NA,S02001813,NA,S01009619,NA,336326,698751,NA,-3.027216933918918,56.17712832040924,S08000029,90.33333333333334,106.05882352941177,15.725490196078425
F711H,Whytemans Brae Hospital,KY1 2ND,"Whytemans Brae, Kirkcaldy",S08000029,S37000032,NA,S12000047,NA,S02001793,NA,S01009522,NA,327969.72,693363.35,NA,-3.160326639809661,56.127541524051075,S08000029,90.33333333333334,106.05882352941177,15.725490196078425
F712H,Stratheden Hospital,KY15 5RR,"Stratheden, By Springfield, Cupar",S08000029,S37000032,NA,S12000047,NA,S02001826,NA,S01009681,NA,334867,712942,NA,-3.054210552678036,56.3044058328224,S08000029,90.33333333333334,106.05882352941177,15.725490196078425
F714H,Weston Day Hospital,KY15 4AN,"West Port, Cupar",S08000029,S37000032,NA,S12000047,NA,S02001827,NA,S01009689,NA,337025,714474,NA,-3.0197080763751667,56.3184594242265,S08000029,90.33333333333334,106.05882352941177,15.725490196078425
F716H,Glenrothes Hospital,KY7 5TG,"Lodge Rise, Glenrothes, Fife",S08000029,S37000032,NA,S12000047,NA,S02001807,NA,S01009590,NA,326739,702017,NA,-3.1825072236625047,56.20508558828665,S08000029,90.33333333333334,106.05882352941177,15.725490196078425
F805H,Queen Margaret Hospital,KY12 0SU,"Whitefield Road, Dunfermline",S08000029,S37000032,NA,S12000047,NA,S02001750,NA,S01009326,NA,311292,688640,NA,-3.4269630081736886,56.08230669101091,S08000029,90.33333333333334,106.05882352941177,15.725490196078425
F810H,Lynebank Hospital,KY11 8JH,"Halbeath Road, Dunfermline",S08000029,S37000032,NA,S12000047,NA,S02001768,NA,S01009404,NA,312101,688124,NA,-3.4137985141445606,56.07782161997264,S08000029,90.33333333333334,106.05882352941177,15.725490196078425
G106H,Glasgow Dental Hospital and School,G2 3JZ,"378 Sauchiehall Street, Glasgow",S08000031,S37000034,NA,S12000049,NA,S02001933,NA,S01010267,NA,258322,665974,NA,-4.2655525962627,55.86605310859292,S08000031,176.07142857142858,361.05882352941177,184.98739495798318
G107H,Glasgow Royal Infirmary,G4 0SF,"84 Castle Street, Glasgow",S08000031,S37000034,NA,S12000049,NA,S02001932,NA,S01010262,NA,260185,665688,NA,-4.23566038415277,55.86402957354226,S08000031,176.07142857142858,361.05882352941177,184.98739495798318
G108H,The Princess Royal Maternity Unit,G31 2ER,"16 Alexandra Parade, Glasgow",S08000031,S37000034,NA,S12000049,NA,S02001932,NA,S01010262,NA,260402,665817,Yes,-4.232262383128195,55.865250654630486,S08000031,176.07142857142858,361.05882352941177,184.98739495798318
G109H,Lightburn Hospital,G32 6NB,"966 Carntyne Road, Glasgow",S08000031,S37000034,NA,S12000049,NA,S02001914,NA,S01010159,NA,264560,665171,NA,-4.165551417309521,55.860637281845406,S08000031,176.07142857142858,361.05882352941177,184.98739495798318
G110H,Acorn Street Day Hospital,G40 4AN,"21-23 Acorn Street, Glasgow",S08000031,S37000034,NA,S12000049,NA,S02001892,NA,S01010043,NA,260799,663738,NA,-4.224856544820303,55.84670002270478,S08000031,176.07142857142858,361.05882352941177,184.98739495798318
G112H,Parkview Resource Centre,G32 7AX,"152 Wellshot Road, Glasgow",S08000031,S37000034,NA,S12000049,NA,S02001911,NA,S01010144,NA,264000,664020,NA,-4.173914180216724,55.850145419168086,S08000031,176.07142857142858,361.05882352941177,184.98739495798318
G113H,Auchinlea Resource Centre,G34 9HQ,"Auchinlea House, Auchinlea Road, Glasgow",S08000031,S37000034,NA,S12000049,NA,S02001906,NA,S01010114,NA,266760,666274,NA,-4.130971109271113,55.87115401675573,S08000031,176.07142857142858,361.05882352941177,184.98739495798318
G207H,Stobhill Hospital,G21 3UW,"133 Balornock Road, Glasgow",S08000031,S37000034,NA,S12000049,NA,S02001922,NA,S01010209,NA,261277,668868,NA,-4.219855618008921,55.8928955709958,S08000031,176.07142857142858,361.05882352941177,184.98739495798318
G212H,Shawpark Resource Centre,G20 9DR,"41 Shawpark Street, Glasgow",S08000031,S37000034,NA,S12000049,NA,S02001949,NA,S01010359,NA,257050,668515,NA,-4.287202239478768,55.88848976045577,S08000031,176.07142857142858,361.05882352941177,184.98739495798318
G214H,Springpark Resource Centre/Day Hosp,G22 5EU,"101 Denmark Street, Glasgow",S08000031,S37000034,NA,S12000049,NA,S02001924,NA,S01010224,NA,259222,668186,NA,-4.25233335163483,55.886176042474155,S08000031,176.07142857142858,361.05882352941177,184.98739495798318
G302H,Leverndale Hospital,G53 7TU,"510 Crookston Road, Glasgow",S08000031,S37000034,NA,S12000049,NA,S02001849,NA,S01009804,NA,251890,662768,NA,-4.366487269652461,55.835338139062614,S08000031,176.07142857142858,361.05882352941177,184.98739495798318
G303H,Mearnskirk House,G77 5RZ,"Newton Mearns, Glasgow",S08000031,S37000011,NA,S12000011,NA,S02001564,NA,S01008349,NA,253820,654434,Yes,-4.331222470964176,55.76110819690025,S08000031,176.07142857142858,361.05882352941177,184.98739495798318
G306H,New Victoria Hospital,G42 9LF,"55 Grange Road, Glasgow",S08000031,S37000034,NA,S12000049,NA,S02001867,NA,S01009904,NA,258200,661808,Yes,-4.265322788141168,55.828615429737766,S08000031,176.07142857142858,361.05882352941177,184.98739495798318
G405H,Queen Elizabeth University Hospital,G51 4TF,"1345 Govan Road, Glasgow",S08000031,S37000034,NA,S12000049,NA,S02001855,NA,S01009833,NA,253769,665746,NA,-4.338118360226516,55.862646105273306,S08000031,176.07142857142858,361.05882352941177,184.98739495798318
G408H,Florence Street Mental Health Resource Centre,G5 0YX,"26 Florence Street, Glasgow",S08000031,S37000034,NA,S12000049,NA,S02001889,NA,S01010025,NA,259441,664351,NA,-4.246845203271142,55.85180958809906,S08000031,176.07142857142858,361.05882352941177,184.98739495798318
G410H,Shawmill Resource Centre,G43 1RR,"35 Well Green, Glasgow",S08000031,S37000034,NA,S12000049,NA,S02001873,NA,S01009935,NA,256242,661639,Yes,-4.296463616858376,55.82651883947605,S08000031,176.07142857142858,361.05882352941177,184.98739495798318
G504H,Gartnavel General Hospital (Admin Purposes),G12 0YN,"1053 Great Western Road, Glasgow",S08000031,S37000034,NA,S12000049,NA,S02001958,NA,S01010412,NA,255433,667983,Yes,-4.312748718880618,55.883230903963934,S08000031,176.07142857142858,361.05882352941177,184.98739495798318
G505H,Gartnavel Royal Hospital,G12 0XH,"1055 Great Western Road, Glasgow",S08000031,S37000034,NA,S12000049,NA,S02001958,NA,S01010412,NA,254891,667924,Yes,-4.321373997418564,55.88253821592498,S08000031,176.07142857142858,361.05882352941177,184.98739495798318
G507H,Centre for Integrative Care,G12 0YN,"1053 Great Western Road, Glasgow",S08000031,S37000034,NA,S12000049,NA,S02001958,NA,S01010412,NA,256011,667834,NA,-4.30343745236258,55.88206641892876,S08000031,176.07142857142858,361.05882352941177,184.98739495798318
G513H,Royal Hospital for Children,G51 4TF,"1345 Govan Road, Glasgow",S08000031,S37000034,NA,S12000049,NA,S02001855,NA,S01009833,NA,253655,665616,Yes,-4.3398680042231605,55.861444441572125,S08000031,176.07142857142858,361.05882352941177,184.98739495798318
G516H,West Glasgow,G12 0YN,"1053 Great Western Road, Glasgow",S08000031,S37000034,NA,S12000049,NA,S02001958,NA,S01010412,NA,255434,667982,NA,-4.312732212533992,55.883222226648314,S08000031,176.07142857142858,361.05882352941177,184.98739495798318
G517H,Beatson West of Scotland Cancer Centre,G12 0YN,"1053 Great Western Road, Glasgow",S08000031,S37000034,NA,S12000049,NA,S02001958,NA,S01010412,NA,255433,667983,Yes,-4.312748718880618,55.883230903963934,S08000031,176.07142857142858,361.05882352941177,184.98739495798318
G596H,Anvil Resource Centre,G31 5ES,"81 Salamanca Street, Glasgow",S08000031,S37000034,NA,S12000049,NA,S02001894,NA,S01010052,NA,262798.28,664297.14,NA,-4.1932338506732405,55.85229318140241,S08000031,176.07142857142858,361.05882352941177,184.98739495798318
G598H,Arran Resource Centre,G40 2BJ,"121 Orr Street, Bridgeton, Glasgow",S08000031,S37000034,NA,S12000049,NA,S02001894,NA,S01010055,NA,260720,664287,NA,-4.226399151584367,55.85160619309557,S08000031,176.07142857142858,361.05882352941177,184.98739495798318
G599H,Riverside Resource Centre,G11 6HU,"547 Dumbarton Road, Glasgow",S08000031,S37000034,NA,S12000049,NA,S02001954,NA,S01010388,NA,256437.5,666582.25,NA,-4.295961769097213,55.87095599574139,S08000031,176.07142857142858,361.05882352941177,184.98739495798318
G600H,Festival Business Park,G51 1DH,"150 Brand Street, Glasgow",S08000031,S37000034,NA,S12000049,NA,S02001860,NA,S01009862,NA,256359,664655,NA,-4.2961937796533265,55.85363041104558,S08000031,176.07142857142858,361.05882352941177,184.98739495798318
G602H,Eastwood Resource Centre,G76 7QF,"38 Seres Rd, Clarkston, Glasgow",S08000031,S37000011,NA,S12000011,NA,S02001569,NA,S01008382,NA,256703,657579,Yes,-4.286971681112486,55.79020612883816,S08000031,176.07142857142858,361.05882352941177,184.98739495798318
G603H,Arndale Resource Centre,G15 7TS,"80/90 Kinfauns Drive, Glasgow",S08000031,S37000034,NA,S12000049,NA,S02001976,NA,S01010499,NA,253194,670969,NA,-4.350130631982508,55.90935967753485,S08000031,176.07142857142858,361.05882352941177,184.98739495798318
G605H,Bridgeview Resource Centre,G20 9PX,"The Quadrangle, 49 Ruchill Street, Glasgow",S08000031,S37000034,NA,S12000049,NA,S02001941,NA,S01010319,NA,257362,668359,Yes,-4.282135888327324,55.887181773945024,S08000031,176.07142857142858,361.05882352941177,184.98739495798318
G607H,Woodlands Resource Centre,G66 2HL,"15-17 Waterloo Close, Kirkintilloch",S08000031,S37000009,NA,S12000045,NA,S02001527,NA,S01008135,NA,265957.5,674018.06,NA,-4.147627212715551,55.940461508965576,S08000031,176.07142857142858,361.05882352941177,184.98739495798318
G608H,2-4 Waterloo Close,G66 2HL,"2-4 Waterloo Close, Kirkintilloch",S08000031,S37000009,NA,S12000045,NA,S02001527,NA,S01008135,NA,265860,674033,Yes,-4.149194406729411,55.94056843702442,S08000031,176.07142857142858,361.05882352941177,184.98739495798318
G609H,The Orchards,G20 7SJ,"135 Panmure Street, Glasgow",S08000031,S37000034,NA,S12000049,NA,S02001940,NA,S01010314,NA,258240,668030,Yes,-4.2679380782711736,55.88448738807767,S08000031,176.07142857142858,361.05882352941177,184.98739495798318
G610H,Pineview,G61 1QN,"Switchback Road, Bearsden, Glasgow",S08000031,S37000009,NA,S12000045,NA,S02001515,NA,S01008072,NA,254720,670969,Yes,-4.325740901684133,55.909822924376854,S08000031,176.07142857142858,361.05882352941177,184.98739495798318
G611H,Netherton,G13 1AL,"19 Blackwood Street, Glasgow",S08000031,S37000034,NA,S12000049,NA,S02001971,NA,S01010472,NA,254355,669329,Yes,-4.330691146635544,55.89498966024282,S08000031,176.07142857142858,361.05882352941177,184.98739495798318
G612H,Rowanbank Clinic,G21 3UL,"Balornock Road, Glasgow",S08000031,S37000034,NA,S12000049,NA,S02001919,NA,S01010198,NA,261622,668716,Yes,-4.21426569713533,55.89163019921703,S08000031,176.07142857142858,361.05882352941177,184.98739495798318
G613H,Skye House,G21 3UZ,"133 Balornock Road, Glasgow",S08000031,S37000034,NA,S12000049,NA,S02001922,NA,S01010209,NA,261028,668876,Yes,-4.223838050313562,55.89289557176491,S08000031,176.07142857142858,361.05882352941177,184.98739495798318
G614H,Orchard View,PA16 0XN,"Inverclyde Adult and Older Peoples, Continuing Care Hospital, Larkfield Road, Greenock",S08000031,S37000017,NA,S12000018,NA,S02002041,NA,S01010856,NA,224623,675930,Yes,-4.809855651680081,55.9443155355991,S08000031,176.07142857142858,361.05882352941177,184.98739495798318
G615H,The Mary Aitkenhead Centre,G81 1EG,"St Margaret's Hospice, East Barns Street, Clydebank",S08000031,S37000029,NA,S12000039,NA,S02002460,NA,S01013125,NA,250920,669408,Yes,-4.3856134004092935,55.89464726970015,S08000031,176.07142857142858,361.05882352941177,184.98739495798318
H101H,Dunbar Hospital,KW14 7XE,"Thurso, Caithness",S08000022,S37000016,NA,S12000017,NA,S02002030,NA,S01010797,NA,310580,967264,NA,-3.5396697117661375,58.58413820897725,S08000022,127.33333333333333,137.94117647058823,10.607843137254903
H103H,Caithness General Hospital,KW1 5NS,"Cliff Road, Wick",S08000022,S37000016,NA,S12000017,NA,S02002027,NA,S01010781,NA,336130,950861,NA,-3.0957387444406437,58.44136111453996,S08000022,127.33333333333333,137.94117647058823,10.607843137254903
H104H,Wick Town and County Hospital,KW1 5NQ,"Hospital Road, Wick, Caithness",S08000022,S37000016,NA,S12000017,NA,S02002027,NA,S01010780,NA,335965,949904,NA,-3.098296663458528,58.43274353215388,S08000022,127.33333333333333,137.94117647058823,10.607843137254903
H106H,Lawson Memorial Hospital,KW10 6SS,"Station Road, Golspie",S08000022,S37000016,NA,S12000017,NA,S02002025,NA,S01010766,NA,282528,899920,NA,-3.9876709529866377,57.972983382903294,S08000022,127.33333333333333,137.94117647058823,10.607843137254903
H201H,RNI Community Hospital,IV3 5SF,"Ness Walk, Inverness",S08000022,S37000016,NA,S12000017,NA,S02002000,NA,S01010631,NA,266262,844463,NA,-4.231572887921985,57.47064812768756,S08000022,127.33333333333333,137.94117647058823,10.607843137254903
H202H,Raigmore Hospital,IV2 3UJ,Inverness,S08000022,S37000016,NA,S12000017,NA,S02001998,NA,S01010624,NA,268618,844740,NA,-4.1924715056755995,57.47382321577746,S08000022,127.33333333333333,137.94117647058823,10.607843137254903
H208H,Nairn Town and County Hospital,IV12 5EE,"Cawdor Road, Nairn",S08000022,S37000016,NA,S12000017,NA,S02001986,NA,S01010556,NA,288120,855775,NA,-3.872560044938449,57.57812457697979,S08000022,127.33333333333333,137.94117647058823,10.607843137254903
H210H,Ian Charles Community Hospital,PH26 3HR,"Castle Road East, Grantown-on-Spey",S08000022,S37000016,NA,S12000017,NA,S02001984,NA,S01010546,NA,303534,828518,NA,-3.6041685585735626,57.33694059515742,S08000022,127.33333333333333,137.94117647058823,10.607843137254903
H211H,St Vincent's Hospital,PH21 1EX,"Gynack Road, Kingussie",S08000022,S37000016,NA,S12000017,NA,S02001982,NA,S01010533,NA,275425,801182,NA,-4.057114129465698,57.08472623544454,S08000022,127.33333333333333,137.94117647058823,10.607843137254903
H212H,Belford Hospital,PH33 6BS,"Belford Road, Fort William",S08000022,S37000016,NA,S12000017,NA,S02001980,NA,S01010522,NA,210613,774069,NA,-5.10471488607709,56.81942653150559,S08000022,127.33333333333333,137.94117647058823,10.607843137254903
H213H,Glencoe Hospital,PH49 4HT,"Glencoe, Ballachulish, Argyll",S08000022,S37000016,NA,S12000017,NA,S02001981,NA,S01010525,NA,210346,759082,Yes,-5.097984984165138,56.68487842564739,S08000022,127.33333333333333,137.94117647058823,10.607843137254903
H214H,Mackinnon Memorial Hospital,IV49 9AA,"Broadford, Isle of Skye",S08000022,S37000016,NA,S12000017,NA,S02002008,NA,S01010673,NA,164000,823875,NA,-5.913377426231607,57.24450394508457,S08000022,127.33333333333333,137.94117647058823,10.607843137254903
H215H,Portree Hospital,IV51 9BZ,"Portree, Isle of Skye",S08000022,S37000016,NA,S12000017,NA,S02002009,NA,S01010679,NA,148283,843314,NA,-6.1929470930806545,57.41028219790015,S08000022,127.33333333333333,137.94117647058823,10.607843137254903
H217H,Ross Memorial Hospital,IV15 9QT,"Ferry Road, Dingwall",S08000022,S37000016,NA,S12000017,NA,S02002017,NA,S01010716,NA,255614,858620,NA,-4.417342150942144,57.59443485605335,S08000022,127.33333333333333,137.94117647058823,10.607843137254903
H219H,County Community Hospital Invergordon,IV18 0JR,Invergordon,S08000022,S37000016,NA,S12000017,NA,S02002021,NA,S01010744,NA,271838,869426,NA,-4.151869520937971,57.69632835360552,S08000022,127.33333333333333,137.94117647058823,10.607843137254903
H221H,Osprey House,IV2 3DZ,"Raigmore Avenue, Inverness",S08000022,S37000016,NA,S12000017,NA,S02001998,NA,S01010624,NA,268365,844797,Yes,-4.196717510971372,57.47426146072035,S08000022,127.33333333333333,137.94117647058823,10.607843137254903
H223H,New Craigs Hospital,IV3 8PJ,"Leachkin Road, Inverness",S08000022,S37000016,NA,S12000017,NA,S02002004,NA,S01010650,NA,263973.4,844332.7,NA,-4.269626127777324,57.4687978879805,S08000022,127.33333333333333,137.94117647058823,10.607843137254903
H224H,Mid-Argyll Community Hospital and Integrated Care Centre,PA31 8JZ,"Lochgilphead, Argyll",S08000022,S37000004,NA,S12000035,NA,S02001376,NA,S01007317,NA,187170,688509,NA,-5.41844582959857,56.04201188260066,S08000022,127.33333333333333,137.94117647058823,10.607843137254903
H225H,Dunaros Community Hospital,PA72 6JF,"Salen, Isle of Mull, Argyll",S08000022,S37000004,NA,S12000035,NA,S02001370,NA,S01007285,NA,157231,742923,Yes,-5.947920519959397,56.515500721983,S08000022,127.33333333333333,137.94117647058823,10.607843137254903
H226H,Migdale Hospital,IV24 3ER,"Cherry Grove, Bonar Bridge, Sutherland",S08000022,S37000016,NA,S12000017,NA,S02002024,NA,S01010763,NA,261211.55,891509.96,NA,-4.34280411861267,57.89136842010806,S08000022,127.33333333333333,137.94117647058823,10.607843137254903
H227H,Mull and Iona Community Hospital,PA65 6BH,"Java Road, Craignure, Isle Of Mull",S08000022,S37000004,NA,S12000035,NA,S02001370,NA,S01007288,NA,171280,738116,Yes,-5.715886022195255,56.47944551282012,S08000022,127.33333333333333,137.94117647058823,10.607843137254903
H228H,Badenoch and Strathspey Community Hospital,PH22 1AJ,"Cairnview Road, Aviemore",S08000022,S37000016,NA,S12000017,NA,S02001983,NA,S01010539,NA,289985.59,813433.56,NA,-3.822412694284272,57.19843872474426,S08000022,127.33333333333333,137.94117647058823,10.607843137254903
H230H,National Treatment Centre,IV2 5NA,"Inverness Campus, Inverness",S08000022,S37000016,NA,S12000017,NA,S02001991,NA,S01010582,NA,269283,845115,NA,-4.181592412955647,57.47738143705427,S08000022,127.33333333333333,137.94117647058823,10.607843137254903
L103H,Coathill Hospital,ML5 4DN,"Hospital Street, Coatbridge",S08000032,S37000035,NA,S12000050,NA,S02002171,NA,S01011570,NA,273258,663570,NA,-4.025932574959313,55.848627657163696,S08000032,198.5952380952381,189.41176470588235,-9.183473389355754
L104H,Victoria Memorial Cottage Hospital,G65 9AG,"19 Glasgow Road, Kilsyth",S08000032,S37000035,NA,S12000050,NA,S02002211,NA,S01011797,NA,270934,677913,NA,-4.069878298244269,55.976796291827846,S08000032,198.5952380952381,189.41176470588235,-9.183473389355754
L105H,Wester Moffat Hospital,ML6 8LW,"Towers Road, Airdrie",S08000032,S37000035,NA,S12000050,NA,S02002182,NA,S01011628,NA,278644,665669,NA,-3.940902318294467,55.86886202946347,S08000032,198.5952380952381,189.41176470588235,-9.183473389355754
L106H,University Hospital Monklands,ML6 0JS,"Monkscourt Avenue, Airdrie",S08000032,S37000035,NA,S12000050,NA,S02002186,NA,S01011652,NA,274962,665442,NA,-3.999598050590599,55.86588208286804,S08000032,198.5952380952381,189.41176470588235,-9.183473389355754
L203H,Cleland Hospital,ML1 5NR,"Cleland, Motherwell, Lanarkshire",S08000032,S37000035,NA,S12000050,NA,S02002150,NA,S01011451,NA,280549,658367,NA,-3.9072649072610415,55.803766763893634,S08000032,198.5952380952381,189.41176470588235,-9.183473389355754
L204H,Hartwoodhill Hospital,ML7 4LA,"Hartwood, Shotts",S08000032,S37000035,NA,S12000050,NA,S02002146,NA,S01011429,NA,284273,658958,Yes,-3.84813984159133,55.80998099774188,S08000032,198.5952380952381,189.41176470588235,-9.183473389355754
L206H,Kello Hospital,ML12 6AF,"Johns Loan, Biggar",S08000032,S37000028,NA,S12000029,NA,S02002355,NA,S01012576,NA,304351,637599,NA,-3.5204379212445236,55.62253292323772,S08000032,198.5952380952381,189.41176470588235,-9.183473389355754
L207H,Lady Home Cottage Hospital,ML11 0RH,"Douglas, Lanark",S08000032,S37000028,NA,S12000029,NA,S02002368,NA,S01012638,NA,284094,630932,NA,-3.839139601485989,55.55825115449615,S08000032,198.5952380952381,189.41176470588235,-9.183473389355754
L209H,Lockhart Hospital,ML11 7RX,"Whitelees Road, Lanark",S08000032,S37000028,NA,S12000029,NA,S02002366,NA,S01012628,NA,289409,643247,NA,-3.759869477558701,55.67008760276307,S08000032,198.5952380952381,189.41176470588235,-9.183473389355754
L211H,Roadmeetings Hospital,ML8 4PS,"Roadmeetings, Carluke",S08000032,S37000028,NA,S12000029,NA,S02002363,NA,S01012617,NA,286252,649954,Yes,-3.8128223692246137,55.729590903769335,S08000032,198.5952380952381,189.41176470588235,-9.183473389355754
L213H,Strathclyde Hospital,ML1 3BW,"Crawford Street, Motherwell",S08000032,S37000035,NA,S12000050,NA,S02002156,NA,S01011478,NA,274539,656388,Yes,-4.002170612682511,55.78447233776827,S08000032,198.5952380952381,189.41176470588235,-9.183473389355754
L216H,Kirklands Hospital,G71 8BB,"Fallside Road, Bothwell",S08000032,S37000028,NA,S12000029,NA,S02002400,NA,S01012806,NA,270699,659552,NA,-4.064862858043572,55.81187018748802,S08000032,198.5952380952381,189.41176470588235,-9.183473389355754
L218H,Airbles Road Centre,ML1 2TJ,"Airbles Road, Motherwell",S08000032,S37000035,NA,S12000050,NA,S02002138,NA,S01011380,NA,275714,656143,NA,-3.983334912181958,55.78257595821111,S08000032,198.5952380952381,189.41176470588235,-9.183473389355754
L302H,University Hospital Hairmyres,G75 8RG,"Eaglesham Road, East Kilbride",S08000032,S37000028,NA,S12000029,NA,S02002427,NA,S01012955,NA,260668,654078,NA,-4.22199921257863,55.759932880491355,S08000032,198.5952380952381,189.41176470588235,-9.183473389355754
L304H,Stonehouse Hospital,ML9 3NT,"Strathaven Road, Stonehouse",S08000032,S37000028,NA,S12000029,NA,S02002376,NA,S01012678,NA,274892,646122,NA,-3.991842746159676,55.69237912957607,S08000032,198.5952380952381,189.41176470588235,-9.183473389355754
L305H,Udston Hospital,ML3 9LA,"Farm Road, Hamilton",S08000032,S37000028,NA,S12000029,NA,S02002395,NA,S01012774,NA,269573,655744,NA,-4.080992558231542,55.77737510982061,S08000032,198.5952380952381,189.41176470588235,-9.183473389355754
L306H,Coathill House,ML5 5EA,"3 Old Monkland Road, Coatbridge",S08000032,S37000035,NA,S12000050,NA,S02002171,NA,S01011569,NA,272763,663577,NA,-4.033836557833853,55.848560126283346,S08000032,198.5952380952381,189.41176470588235,-9.183473389355754
L307H,Beckford Lodge,ML3 0AZ,"Caird Street, Hamilton",S08000032,S37000028,NA,S12000029,NA,S02002398,NA,S01012794,NA,271358,656250,NA,-4.05279355461569,55.78239692114294,S08000032,198.5952380952381,189.41176470588235,-9.183473389355754
L308H,University Hospital Wishaw,ML2 0DP,"50 Netherton Street, Wishaw",S08000032,S37000035,NA,S12000050,NA,S02002139,NA,S01011387,NA,278294,655081,NA,-3.941748630015671,55.77369599804519,S08000032,198.5952380952381,189.41176470588235,-9.183473389355754
L395E,Red Deer Centre/Day Hospital,G75 8NH,"Alberta Avenue, Westwood, East Kilbride",S08000032,S37000028,NA,S12000029,NA,S02002433,NA,S01012987,NA,262227,653812,NA,-4.1970408583047005,55.75799113999691,S08000032,198.5952380952381,189.41176470588235,-9.183473389355754
N101H,Aberdeen Royal Infirmary,AB25 2ZN,"Foresterhill Road, Aberdeen",S08000020,S37000001,NA,S12000033,NA,S02001245,NA,S01006563,NA,391789,807053,NA,-2.1373591839176496,57.15427511227378,S08000020,128.54761904761904,104.3529411764706,-24.194677871148443
N102H,Woodend General Hospital,AB15 6XS,Aberdeen,S08000020,S37000001,NA,S12000033,NA,S02001244,NA,S01006555,NA,389717,806282,NA,-2.1715759518076783,57.147307015007286,S08000020,128.54761904761904,104.3529411764706,-24.194677871148443
N103H,City Hospital,AB24 5AU,"Urquhart Road, Aberdeen",S08000020,S37000001,NA,S12000033,NA,S02001260,NA,S01006641,NA,394733.93,806974.64,NA,-2.0886794855616646,57.1536151466853,S08000020,128.54761904761904,104.3529411764706,-24.194677871148443
N104H,Woolmanhill Hospital,AB25 1LD,"Skene Street, Aberdeen",S08000020,S37000001,NA,S12000033,NA,S02001261,NA,S01006648,NA,393710,806470,NA,-2.105591211056863,57.149068835386835,S08000020,128.54761904761904,104.3529411764706,-24.194677871148443
N106H,The Baird Family Hospital,AB25 2ZL,"Foresterhill Health Campus, Foresterhill Road, Aberdeen",S08000020,S37000001,NA,S12000033,NA,S02001245,NA,S01006563,NA,392108,807163,Yes,-2.132089831999241,57.15526891111779,S08000020,128.54761904761904,104.3529411764706,-24.194677871148443
N111H,Hyperbaric Centre,AB16 5FA,"123 Ashgrove Road West, Aberdeen",S08000020,S37000001,NA,S12000033,NA,S02001269,NA,S01006694,NA,391437,807157,Yes,-2.143181148198684,57.15520282557803,S08000020,128.54761904761904,104.3529411764706,-24.194677871148443
N121H,Royal Aberdeen Children's Hospital,AB25 2ZG,"Westburn Drive, Aberdeen",S08000020,S37000001,NA,S12000033,NA,S02001245,NA,S01006563,NA,391919,806977,NA,-2.135207866034525,57.1535947443495,S08000020,128.54761904761904,104.3529411764706,-24.194677871148443
N151H,Aboyne Hospital,AB34 5HQ,"Bellwood Road, Aboyne",S08000020,S37000002,NA,S12000034,NA,S02001286,NA,S01006799,NA,353599.9,798620.3,NA,-2.7669988483726664,57.07625071834235,S08000020,128.54761904761904,104.3529411764706,-24.194677871148443
N161H,Aberdeen Maternity Hospital,AB25 2ZL,"Foresterhill, Aberdeen",S08000020,S37000001,NA,S12000033,NA,S02001245,NA,S01006563,NA,392109,807162,NA,-2.1320732700744616,57.15525994557647,S08000020,128.54761904761904,104.3529411764706,-24.194677871148443
N181H,Glen O'Dee Hospital,AB31 5SA,Banchory,S08000020,S37000002,NA,S12000034,NA,S02001299,NA,S01006872,NA,368475,796578,NA,-2.521391786717616,57.059167088909525,S08000020,128.54761904761904,104.3529411764706,-24.194677871148443
N183H,Roxburghe House,AB25 2ZH,"Cornhill Site, Ashgrove Road, Aberdeen",S08000020,S37000001,NA,S12000033,NA,S02001262,NA,S01006655,NA,392478,807358,NA,-2.125979753031969,57.15702689226274,S08000020,128.54761904761904,104.3529411764706,-24.194677871148443
N184H,Maidencraig House,AB15 6XS,"Woodend Hospital, Eday Road",S08000020,S37000001,NA,S12000033,NA,S02001244,NA,S01006555,NA,389716,806283,Yes,-2.1715925197180588,57.14731597534232,S08000020,128.54761904761904,104.3529411764706,-24.194677871148443
N198H,Royal Cornhill Hospital,AB25 2ZH,"Cornhill Road, Aberdeen",S08000020,S37000001,NA,S12000033,NA,S02001262,NA,S01006655,NA,392911,807188,NA,-2.1188170783787643,57.155506782314475,S08000020,128.54761904761904,104.3529411764706,-24.194677871148443
N331H,Inverurie Hospital,AB51 3UL,"Upperboat Road, Inverurie",S08000020,S37000002,NA,S12000034,NA,S02001304,NA,S01006905,NA,377208.2,820724.1,NA,-2.3796274065231153,57.27658295470311,S08000020,128.54761904761904,104.3529411764706,-24.194677871148443
N332H,Insch & District War Memorial Hosp.,AB52 6JJ,"Rannes Street, Insch",S08000020,S37000002,NA,S12000034,NA,S02001319,NA,S01007001,NA,363140.5,827937.2,NA,-2.613996842374836,57.34045160983365,S08000020,128.54761904761904,104.3529411764706,-24.194677871148443
N333H,Peterhead Community Hospital,AB42 2XB,"Links Terrace, Peterhead",S08000020,S37000002,NA,S12000034,NA,S02001335,NA,S01007080,NA,412467,845814,NA,-1.7936232962442862,57.50236254424499,S08000020,128.54761904761904,104.3529411764706,-24.194677871148443
N334H,Fraserburgh Hospital,AB43 9NF,"Lochpots Road, Fraserburgh",S08000020,S37000002,NA,S12000034,NA,S02001342,NA,S01007123,NA,398932,866421,NA,-2.0195755608130397,57.68762892571868,S08000020,128.54761904761904,104.3529411764706,-24.194677871148443
N335H,Jubilee Hospital,AB54 8EX,"Bleachfield Street, Huntly",S08000020,S37000002,NA,S12000034,NA,S02001321,NA,S01007010,NA,352657.9,839486.1,NA,-2.7903588956025573,57.44321124750129,S08000020,128.54761904761904,104.3529411764706,-24.194677871148443
N336H,Turriff Cottage Hospital,AB53 4DQ,"Balmellie Road, Turriff",S08000020,S37000002,NA,S12000034,NA,S02001323,NA,S01007022,NA,373102.8,849752.7,NA,-2.450904035395793,57.537104123631195,S08000020,128.54761904761904,104.3529411764706,-24.194677871148443
N337H,Chalmers Hospital,AB45 1JA,Banff,S08000020,S37000002,NA,S12000034,NA,S02001326,NA,S01007032,NA,368817.4,864465.9,NA,-2.52437735486556,57.66898175145049,S08000020,128.54761904761904,104.3529411764706,-24.194677871148443
N352H,Ugie Hospital,AB42 1LZ,"Ugie Road, Peterhead",S08000020,S37000002,NA,S12000034,NA,S02001337,NA,S01007094,NA,412414,847238,NA,-1.794435857550978,57.51515496809573,S08000020,128.54761904761904,104.3529411764706,-24.194677871148443
N401E,Buckie Day Hospital,AB56 1SF,"The Bungalow, Seafield Hospital, Buckie",S08000020,S37000019,NA,S12000020,NA,S02002079,NA,S01011081,NA,341529,864642,Yes,-2.98179737953877,57.667840277322355,S08000020,128.54761904761904,104.3529411764706,-24.194677871148443
N411H,Dr Gray's Hospital,IV30 1SN,"Elgin, Morayshire",S08000020,S37000019,NA,S12000020,NA,S02002087,NA,S01011118,NA,320593,862526,NA,-3.331951454250245,57.64562915103534,S08000020,128.54761904761904,104.3529411764706,-24.194677871148443
N431H,Seafield Hospital,AB56 1SF,"Barrhill Road, Buckie",S08000020,S37000019,NA,S12000020,NA,S02002079,NA,S01011081,NA,341530,864641,NA,-2.981780376851982,57.66783142646137,S08000020,128.54761904761904,104.3529411764706,-24.194677871148443
N432H,Stephen Cottage Hospital,AB55 4BH,"Stephen Avenue, Dufftown",S08000020,S37000019,NA,S12000020,NA,S02002073,NA,S01011049,NA,332615,840044,NA,-3.124360136581461,57.445685792149945,S08000020,128.54761904761904,104.3529411764706,-24.194677871148443
N433H,Turner Memorial Hospital,AB55 5DJ,"Turner Street, Keith",S08000020,S37000019,NA,S12000020,NA,S02002076,NA,S01011062,NA,342894.03,850604.07,NA,-2.9556048353662323,57.54193977083711,S08000020,128.54761904761904,104.3529411764706,-24.194677871148443
N434H,Leanchoil Hospital,IV36 2RF,"91 St Leonard's Road, Forres",S08000020,S37000019,NA,S12000020,NA,S02002096,NA,S01011167,NA,305635,857990,NA,-3.580668951227715,57.60201408689516,S08000020,128.54761904761904,104.3529411764706,-24.194677871148443
N451H,Fleming Cottage Hospital,AB38 9PR,"Queens Road, Aberlour",S08000020,S37000019,NA,S12000020,NA,S02002074,NA,S01011052,NA,326704,842816,NA,-3.2236509794171626,57.469662951952714,S08000020,128.54761904761904,104.3529411764706,-24.194677871148443
N492H,Rehabilitation Hospital,AB11 7RS,"15 Polmuir Road, Aberdeen",S08000020,S37000001,NA,S12000033,NA,S02001252,NA,S01006598,NA,393840,805021,NA,-2.1034062905260535,57.13605426121715,S08000020,128.54761904761904,104.3529411764706,-24.194677871148443
N494H,Kincardine Community Hospital,AB39 2NJ,"Kirkton Road, Stonehaven",S08000020,S37000002,NA,S12000034,NA,S02001291,NA,S01006826,NA,386065.6,786460.5,NA,-2.2308110987896708,56.96915206570123,S08000020,128.54761904761904,104.3529411764706,-24.194677871148443
N495H,Pluscarden Clinic,IV30 1SN,"Dr Gray's Hospital, Elgin",S08000020,S37000019,NA,S12000020,NA,S02002087,NA,S01011118,NA,320890,862610,Yes,-3.327004933975263,57.646435757838375,S08000020,128.54761904761904,104.3529411764706,-24.194677871148443
N496H,375 Great Western Lodge,AB10 6NU,"375 Great Western Road, Aberdeen",S08000020,S37000001,NA,S12000033,NA,S02001240,NA,S01006533,NA,392286,804794,NA,-2.129073264130204,57.13399127722914,S08000020,128.54761904761904,104.3529411764706,-24.194677871148443
N499H,Elmwood,AB25 3BW,"Ashgrove Road, Aberdeen",S08000020,S37000001,NA,S12000033,NA,S02001262,NA,S01006655,NA,392487,807420,NA,-2.1258328722995556,57.1575839861281,S08000020,128.54761904761904,104.3529411764706,-24.194677871148443
N500H,Aberdeen Community Health and Care Village,AB24 5HY,"50 Frederick Street, Aberdeen",S08000020,S37000001,NA,S12000033,NA,S02001259,NA,S01006639,NA,394492.23,806589.39,NA,-2.0926659010097524,57.150151554613984,S08000020,128.54761904761904,104.3529411764706,-24.194677871148443
N501H,Rosewell House (NHS Wards),AB15 6XN,"194 Kings Gate, Aberdeen",S08000020,S37000001,NA,S12000033,NA,S02001244,NA,S01006553,NA,390848.14,806047.07,NA,-2.152873695476821,57.14522085160544,S08000020,128.54761904761904,104.3529411764706,-24.194677871148443
R103H,The Balfour,KW15 1NZ,"Foreland Road, Kirkwall, Orkney",S08000025,S37000022,NA,S12000023,NA,S02002215,NA,S01011817,NA,344590,1010016,Yes,-2.965444871430934,58.97370185705815,S08000025,1.452380952380952,6.411764705882353,4.959383753501401
S102H,Belhaven Hospital,EH42 1TR,"Hospital Road, Dunbar",S08000024,S37000010,NA,S12000010,NA,S02001554,NA,S01008286,NA,366560,678231,NA,-2.5376824428542495,55.995861379542255,S08000024,312.6666666666667,270.29411764705884,-42.372549019607845
S103H,Corstorphine Hospital,EH12 6TT,"136 Corstorphine Road, Edinburgh",S08000024,S37000012,NA,S12000036,NA,S02001679,NA,S01008973,NA,320690,672942,NA,-3.2713570522533124,55.94295337879355,S08000024,312.6666666666667,270.29411764705884,-42.372549019607845
S107H,Edenhall Hospital,EH21 7TZ,"Edenhall Road, Musselburgh",S08000024,S37000010,NA,S12000010,NA,S02001538,NA,S01008190,NA,335375,672016,NA,-3.036071106278871,55.93683653324843,S08000024,312.6666666666667,270.29411764705884,-42.372549019607845
S108H,Edington Cottage Hospital,EH39 4PU,"54 St Baldred's Road, North Berwick",S08000024,S37000010,NA,S12000010,NA,S02001552,NA,S01008273,NA,355361,684972,NA,-2.7183327654267897,56.05550826596772,S08000024,312.6666666666667,270.29411764705884,-42.372549019607845
S109H,Herdmanflat Hospital,EH41 3BU,"Aberlady Road, Haddington",S08000024,S37000010,NA,S12000010,NA,S02001548,NA,S01008253,NA,350897,674417,NA,-2.788068913205676,55.96024603181999,S08000024,312.6666666666667,270.29411764705884,-42.372549019607845
S114H,Royal Victoria Hospital,EH4 2DN,"13 Craigleith Road, Edinburgh",S08000024,S37000012,NA,S12000036,NA,S02001663,NA,S01008887,NA,323113,674643,NA,-3.2330599031070295,55.958627052048826,S08000024,312.6666666666667,270.29411764705884,-42.372549019607845
S116H,Western General Hospital,EH4 2XU,"Crewe Road South, Edinburgh",S08000024,S37000012,NA,S12000036,NA,S02001663,NA,S01008890,NA,323004,674999,NA,-3.234907125328908,55.96180739509553,S08000024,312.6666666666667,270.29411764705884,-42.372549019607845
S201H,Astley Ainslie Hospital,EH9 2HL,"Grange Loan, Edinburgh",S08000024,S37000012,NA,S12000036,NA,S02001615,NA,S01008624,NA,325280,671364,NA,-3.197450703698895,55.929514842736694,S08000024,312.6666666666667,270.29411764705884,-42.372549019607845
S203H,Chalmers Hospital,EH3 9HQ,"55 Lauriston Place, Edinburgh",S08000024,S37000012,NA,S12000036,NA,S02001621,NA,S01008667,NA,325251,673042,NA,-3.1983801158784946,55.94458347388427,S08000024,312.6666666666667,270.29411764705884,-42.372549019607845
S206H,Edinburgh Dental Institute,EH3 9HA,"4th Floor, Lauriston Building, Lauriston Place, Edinburgh",S08000024,S37000012,NA,S12000036,NA,S02001621,NA,S01008667,NA,325251,672987,Yes,-3.198364854744272,55.94408942034695,S08000024,312.6666666666667,270.29411764705884,-42.372549019607845
S209H,Liberton Hospital,EH16 6UB,"Lasswade Road, Edinburgh",S08000024,S37000012,NA,S12000036,NA,S02001606,NA,S01008575,NA,327952,669029,NA,-3.1540724104550706,55.9089478669739,S08000024,312.6666666666667,270.29411764705884,-42.372549019607845
S217H,Royal Edinburgh Hospital,EH10 5HF,"23 Tipperlinn Road, Edinburgh",S08000024,S37000012,NA,S12000036,NA,S02001616,NA,S01008632,NA,324125,671126,NA,-3.2158645807244097,55.92719588032576,S08000024,312.6666666666667,270.29411764705884,-42.372549019607845
S232H,Cambridge Street Day Centre,EH1 2DY,"5/7 Cambridge Street, Edinburgh",S08000024,S37000012,NA,S12000036,NA,S02001620,NA,S01008660,NA,324822,673413,NA,-3.2053506609249434,55.947849086893406,S08000024,312.6666666666667,270.29411764705884,-42.372549019607845
S234H,William Fraser Centre,EH10 5HF,"Tipperlinn Road, Edinburgh",S08000024,S37000012,NA,S12000036,NA,S02001616,NA,S01008632,NA,324124,671127,Yes,-3.2158808618266046,55.927204705129064,S08000024,312.6666666666667,270.29411764705884,-42.372549019607845
S235H,The Islay Centre,EH10 5HF,"Tipperlinn Road, Edinburgh",S08000024,S37000012,NA,S12000036,NA,S02001616,NA,S01008632,NA,324124,671127,Yes,-3.2158808618266046,55.927204705129064,S08000024,312.6666666666667,270.29411764705884,-42.372549019607845
S240H,Glencorse Day Centre,EH26 0QZ,"Milton Mill, Milton Bridge, Penicuik",S08000024,S37000018,NA,S12000019,NA,S02002056,NA,S01010956,NA,325521,662255,Yes,-3.19108495307851,55.847727100738794,S08000024,312.6666666666667,270.29411764705884,-42.372549019607845
S241H,Bonnyrigg Day Centre,EH22 4RT,"Old Library, Bonnyrigg",S08000024,S37000018,NA,S12000019,NA,S02002070,NA,S01011032,NA,333603,664899,Yes,-3.0626811568914243,55.87266080788892,S08000024,312.6666666666667,270.29411764705884,-42.372549019607845
S243H,Ballenden House,EH8 9HL,"28/32 Howden Street, Edinburgh",S08000024,S37000012,NA,S12000036,NA,S02001623,NA,S01008681,NA,326256,673008,NA,-3.1822836672536416,55.9444335013024,S08000024,312.6666666666667,270.29411764705884,-42.372549019607845
S305H,St Michael's Hospital,EH49 6QS,"Edinburgh Road, Linlithgow",S08000024,S37000030,NA,S12000040,NA,S02002507,NA,S01013441,NA,301041,676913,NA,-3.5872815915866467,55.974971052855025,S08000024,312.6666666666667,270.29411764705884,-42.372549019607845
S306H,Tippethill Hospital,EH48 3BQ,"Bathgate, West Lothian",S08000024,S37000030,NA,S12000040,NA,S02002499,NA,S01013380,NA,294512,666131,NA,-3.68763670012217,55.87674798031835,S08000024,312.6666666666667,270.29411764705884,-42.372549019607845
S307H,Whitburn Day Hospital,EH47 0SD,"1 Weavers Lane, Whitburn",S08000024,S37000030,NA,S12000040,NA,S02002498,NA,S01013376,NA,294398,665053,Yes,-3.68903748448221,55.86704151969878,S08000024,312.6666666666667,270.29411764705884,-42.372549019607845
S308H,St John's Hospital,EH54 6PP,"Howden West, Livingston, West Lothian",S08000024,S37000030,NA,S12000040,NA,S02002488,NA,S01013309,NA,305077,667692,NA,-3.5193896478254487,55.89296735563805,S08000024,312.6666666666667,270.29411764705884,-42.372549019607845
S309H,Inchkeith House,EH6 8NP,"137 Leith Walk, Edinburgh",S08000024,S37000012,NA,S12000036,NA,S02001644,NA,S01008796,NA,326855,675636,NA,-3.1734095363732377,55.96813209548824,S08000024,312.6666666666667,270.29411764705884,-42.372549019607845
S310H,Ferryfield House,EH5 2HF,"100 Pilton Drive, Edinburgh",S08000024,S37000012,NA,S12000036,NA,S02001667,NA,S01008911,NA,323303,676130,Yes,-3.230441407577843,55.972014668982624,S08000024,312.6666666666667,270.29411764705884,-42.372549019607845
S311H,Bathgate House Day Hospital,EH48 4PJ,"15 North Bridge Street, Bathgate",S08000024,S37000030,NA,S12000040,NA,S02002504,NA,S01013414,NA,297352,668862,NA,-3.643301465964872,55.90188932679425,S08000024,312.6666666666667,270.29411764705884,-42.372549019607845
S312H,Learning Disabilities Service Healthcare Houses,EH10 5EZ,Lothian,S08000024,S37000012,NA,S12000036,NA,S02001616,NA,S01008632,NA,324295,671309,Yes,-3.2131959932246126,55.92886654886312,S08000024,312.6666666666667,270.29411764705884,-42.372549019607845
S313H,Ellen's Glen House,EH16 6FF,"72 Carnbee Avenue, Edinburgh",S08000024,S37000012,NA,S12000036,NA,S02001606,NA,S01008574,NA,328227,669094,Yes,-3.1496917205657495,55.90957290538581,S08000024,312.6666666666667,270.29411764705884,-42.372549019607845
S314H,Royal Infirmary of Edinburgh at Little France,EH16 4SA,"51 Little France Crescent, Old Dalkeith Road, Edinburgh",S08000024,S37000012,NA,S12000036,NA,S02001627,NA,S01008704,NA,327699,669148,NA,-3.1581504026102967,55.90997885008648,S08000024,312.6666666666667,270.29411764705884,-42.372549019607845
S315H,Findlay House,EH6 7LG,"Seafield Street, Edinburgh",S08000024,S37000012,NA,S12000036,NA,S02001640,NA,S01008768,NA,328660,675606,NA,-3.144490840487547,55.96813450517017,S08000024,312.6666666666667,270.29411764705884,-42.372549019607845
S316H,Princess Alexandra Eye Pavilion,EH3 9HA,"45 Chalmers Street, Edinburgh",S08000024,S37000012,NA,S12000036,NA,S02001621,NA,S01008667,NA,325252,672986,NA,-3.198348570454369,55.9440805932664,S08000024,312.6666666666667,270.29411764705884,-42.372549019607845
S317H,Whitburn House,EH47 0DD,"12/14 The Avenue, Whitburn, Bathgate, West Lothian",S08000024,S37000030,NA,S12000040,NA,S02002498,NA,S01013374,NA,294519,664643,NA,-3.686945253028032,55.86338583242336,S08000024,312.6666666666667,270.29411764705884,-42.372549019607845
S318H,Midlothian Community Hospital,EH22 3ND,"70 Eskbank Road, Dalkeith, Midlothian",S08000024,S37000018,NA,S12000019,NA,S02002063,NA,S01010996,NA,331897,665770,Yes,-3.090159003312202,55.88024680225072,S08000024,312.6666666666667,270.29411764705884,-42.372549019607845
S319H,Royal Hospital for Children and Young People,EH16 4TJ,"50 Little France Crescent, Edinburgh",S08000024,S37000012,NA,S12000036,NA,S02001604,NA,S01008568,NA,NA,NA,NA,-3.1385988,55.9218962,S08000024,312.6666666666667,270.29411764705884,-42.372549019607845
S320H,East Lothian Community Hospital,EH41 3PF,"Alderson Road, Haddington",S08000024,S37000010,NA,S12000010,NA,S02001548,NA,S01008252,NA,350336,674073,Yes,-2.796990053852537,55.95709778807319,S08000024,312.6666666666667,270.29411764705884,-42.372549019607845
T101H,Ninewells Hospital,DD1 9SY,Dundee,S08000030,S37000007,NA,S12000042,NA,S02001446,NA,S01007694,NA,339005.12,730389.6,NA,-2.9914097371952924,56.46168490165827,S08000030,93,141.52941176470588,48.529411764705884
T104H,Kings Cross Hospital,DD3 8EA,"Clepington Road, Dundee",S08000030,S37000007,NA,S12000042,NA,S02001468,NA,S01007825,NA,339391,732165,NA,-2.985562025518774,56.47768256968291,S08000030,93,141.52941176470588,48.529411764705884
T107H,Royal Victoria Hospital,DD2 1SP,"Jedburgh Road, Dundee",S08000030,S37000007,NA,S12000042,NA,S02001445,NA,S01007684,NA,337629,730504,NA,-3.0137645175166496,56.46253215711228,S08000030,93,141.52941176470588,48.529411764705884
T113H,Dundee Dental Hospital,DD1 4HR,"2 Park Place, Dundee",S08000030,S37000007,NA,S12000042,NA,S02001446,NA,S01007691,NA,339742,730011,NA,-2.979366284827267,56.458378979498534,S08000030,93,141.52941176470588,48.529411764705884
T115H,Strathmartine Hospital,DD3 0PG,"Strathmartine, Dundee",S08000030,S37000003,NA,S12000041,NA,S02001344,NA,S01007133,NA,338323,735165,NA,-3.003609002060903,56.504491479882034,S08000030,93,141.52941176470588,48.529411764705884
T116H,Armitstead Child Development Centre,DD3 8EA,"Kings Cross Hospital, Clepington Road, Dundee",S08000030,S37000007,NA,S12000042,NA,S02001468,NA,S01007825,NA,339322,732161,Yes,-2.986681089466478,56.477637742715665,S08000030,93,141.52941176470588,48.529411764705884
T120H,Hawkhill Day Hospital,DD1 5LB,"Peddie Street, Dundee",S08000030,S37000007,NA,S12000042,NA,S02001446,NA,S01007693,NA,338960,729885,NA,-2.9920236155507154,56.457146403020495,S08000030,93,141.52941176470588,48.529411764705884
T121H,Dundonald Centre,DD3 7PY,"Unit 9a Manhattan Works, Dundonald Street, Dundee",S08000030,S37000007,NA,S12000042,NA,S02001452,NA,S01007726,NA,340847,731565,Yes,-2.961791990246044,56.4724783120415,S08000030,93,141.52941176470588,48.529411764705884
T122H,Dudhope House (Young Persons Unit),DD3 6HH,"15 Dudhope Terrace, Dundee",S08000030,S37000007,NA,S12000042,NA,S02001447,NA,S01007700,NA,339328,730688,NA,-2.9862404974333816,56.46440706470626,S08000030,93,141.52941176470588,48.529411764705884
T123H,Royal Victoria Day Hospital,DD2 1SP,"Royal Victoria Hospital, Jedburgh Road, Dundee",S08000030,S37000007,NA,S12000042,NA,S02001445,NA,S01007684,NA,337628,730505,Yes,-3.013780982131122,56.4625410071813,S08000030,93,141.52941176470588,48.529411764705884
T202H,Perth Royal Infirmary,PH1 1NX,"Taymount Terrace, Perth",S08000030,S37000033,NA,S12000048,NA,S02002231,NA,S01011898,NA,310411,723623,NA,-3.452965269968983,56.396340658473946,S08000030,93,141.52941176470588,48.529411764705884
T205H,St Margaret's Hospital,PH3 1JH,"Western Road, Auchterarder",S08000030,S37000033,NA,S12000048,NA,S02002223,NA,S01011854,NA,293688,712587,NA,-3.719289962169411,56.29376706426126,S08000030,93,141.52941176470588,48.529411764705884
T207H,Aberfeldy Cottage Hospital,PH15 2DH,"Old Crieff Road, Aberfeldy",S08000030,S37000033,NA,S12000048,NA,S02002253,NA,S01012015,NA,285932,748951,NA,-3.86043203969945,56.61848800669605,S08000030,93,141.52941176470588,48.529411764705884
T209H,Blairgowrie & Rattray Cottage Hospital,PH10 6EE,"Perth Road, Blairgowrie",S08000030,S37000033,NA,S12000048,NA,S02002249,NA,S01011991,NA,317409,744585.83,NA,-3.34628633703125,56.58589430743549,S08000030,93,141.52941176470588,48.529411764705884
T215H,Murray Royal Hospital,PH2 7BH,"Muirhall Road, Perth",S08000030,S37000033,NA,S12000048,NA,S02002240,NA,S01011945,NA,312939.65,724017.75,NA,-3.412145969785142,56.40035915122203,S08000030,93,141.52941176470588,48.529411764705884
T221H,Scone Day Hospital,PH2 6LE,"Birch Avenue, Scone",S08000030,S37000033,NA,S12000048,NA,S02002241,NA,S01011950,NA,313174,726281,Yes,-3.409101611068179,56.42072937857727,S08000030,93,141.52941176470588,48.529411764705884
T304H,Arbroath Infirmary,DD11 2AT,"Rosemount Road, Arbroath",S08000030,S37000003,NA,S12000041,NA,S02001352,NA,S01007181,NA,363406,740444,NA,-2.5968892533069545,56.55453921049834,S08000030,93,141.52941176470588,48.529411764705884
T305H,Brechin Infirmary,DD9 7AN,"Infirmary Street, Brechin",S08000030,S37000003,NA,S12000041,NA,S02001361,NA,S01007234,NA,360207,760462,NA,-2.652020953405975,56.734103235391494,S08000030,93,141.52941176470588,48.529411764705884
T309H,Little Cairnie Hospital,DD11 3RA,"Forfar Road, Arbroath",S08000030,S37000003,NA,S12000041,NA,S02001351,NA,S01007174,NA,362737,741929,NA,-2.607985344375301,56.56782674445887,S08000030,93,141.52941176470588,48.529411764705884
T310H,Montrose Royal Infirmary,DD10 8AJ,"Bridge Street, Montrose",S08000030,S37000003,NA,S12000041,NA,S02001357,NA,S01007208,NA,371045,757440,NA,-2.474542630796849,56.707756606653874,S08000030,93,141.52941176470588,48.529411764705884
T312H,Stracathro Hospital,DD9 7QA,By Brechin,S08000030,S37000003,NA,S12000041,NA,S02001359,NA,S01007225,NA,362591,764986,NA,-2.613720373467968,56.77494037660813,S08000030,93,141.52941176470588,48.529411764705884
T313H,Whitehills Hospital,DD8 3DY,By Forfar,S08000030,S37000003,NA,S12000041,NA,S02001364,NA,S01007252,NA,346655,751499,Yes,-2.87163643847979,56.65223639074636,S08000030,93,141.52941176470588,48.529411764705884
T314H,Gowanlea,DD11 5DX,"Seaton Road, Arbroath",S08000030,S37000003,NA,S12000041,NA,S02001353,NA,S01007189,NA,364826,741428,NA,-2.5739249595940183,56.56348767872194,S08000030,93,141.52941176470588,48.529411764705884
T316H,Crieff Community Hospital,PH7 3HR,"King Street, Crieff",S08000030,S37000033,NA,S12000048,NA,S02002226,NA,S01011870,NA,286317.24,721263.23,NA,-3.8420637298740847,56.36996551309909,S08000030,93,141.52941176470588,48.529411764705884
T317H,Carseview Centre,DD2 1NH,"4 Tom McDonald Avenue, Medipark, Dundee",S08000030,S37000007,NA,S12000042,NA,S02001471,NA,S01007839,NA,335664,730633,NA,-3.0456786855342712,56.46342639912218,S08000030,93,141.52941176470588,48.529411764705884
T319H,Whitehills Health and Community Care Centre,DD8 3DY,By Forfar,S08000030,S37000003,NA,S12000041,NA,S02001364,NA,S01007252,NA,346619,751376,NA,-2.8721979847431163,56.65112740821091,S08000030,93,141.52941176470588,48.529411764705884
T320H,Pitlochry Community Hospital,PH16 5FG,"Ferry Road, Pitlochry, Perthshire",S08000030,S37000033,NA,S12000048,NA,S02002252,NA,S01012010,NA,293727,757986,NA,-3.7372042767439058,56.70145253109606,S08000030,93,141.52941176470588,48.529411764705884
T321H,Perth Dental Hospital,PH1 1RA,"Broxden Business Park, Perth",S08000030,S37000033,NA,S12000048,NA,S02002232,NA,S01011899,NA,308335.46,723095.85,NA,-3.486392443178242,56.39120785971141,S08000030,93,141.52941176470588,48.529411764705884
T322H,Kingsway Care Centre,DD2 3PT,"Kings Cross Road, Dundee",S08000030,S37000007,NA,S12000042,NA,S02001468,NA,S01007826,NA,338477.08,732101.69,NA,-3.000381606056636,56.47699522714304,S08000030,93,141.52941176470588,48.529411764705884
T323H,Bluebell Intermediate Care Unit,DD2 5JB,"Riverside View Nursing Home, 60 Clovis Duveau Drive, Dundee",S08000030,S37000007,NA,S12000042,NA,S02001475,NA,S01007869,NA,335404,730180,Yes,-3.049785008639655,56.45932171745461,S08000030,93,141.52941176470588,48.529411764705884
T324H,Dudhope Young Peoples Inpatient Unit,DD3 6HH,"17 Dudhope Terrace, Dundee",S08000030,S37000007,NA,S12000042,NA,S02001447,NA,S01007700,NA,339112,730878,Yes,-2.989789756836964,56.46608587104092,S08000030,93,141.52941176470588,48.529411764705884
T325H,CAMHS Hospital Unit,DD3 6HH,"17 Dudhope Terrace, Dundee",S08000030,S37000007,NA,S12000042,NA,S02001447,NA,S01007700,NA,339389,730741,NA,-2.9852630320933753,56.46489100685132,S08000030,93,141.52941176470588,48.529411764705884
V102H,Falkirk Community Hospital,FK1 5QE,"Majors Loan, Falkirk",S08000019,S37000013,NA,S12000014,NA,S02001716,NA,S01009155,NA,288174,679767,NA,-3.7945404001070977,55.9977741634294,S08000019,84.19047619047619,110.94117647058823,26.750700280112042
V105H,Bo'ness Hospital,EH51 0DH,"Dean Road, Bo'ness",S08000019,S37000013,NA,S12000014,NA,S02001736,NA,S01009257,NA,299452,681026,NA,-3.614271462128408,56.01157996970821,S08000019,84.19047619047619,110.94117647058823,26.750700280112042
V106H,Bellsdyke Hospital,FK5 4SF,"Bellsdyke Road, Larbert",S08000019,S37000013,NA,S12000014,NA,S02001703,NA,S01009090,NA,286719,683947,NA,-3.819620733289113,56.03496944354773,S08000019,84.19047619047619,110.94117647058823,26.750700280112042
V201H,Stirling Community Hospital,FK8 2AU,"Livilands Gate, Stirling",S08000019,S37000005,NA,S12000030,NA,S02002447,NA,S01013060,NA,279698,692139,Yes,-3.935915505284115,56.10681624400569,S08000019,84.19047619047619,110.94117647058823,26.750700280112042
V214H,Lochview Hospital,FK5 4SE,"Stirling Road, Larbert",S08000019,S37000013,NA,S12000014,NA,S02001703,NA,S01009088,NA,285061,683211,Yes,-3.845898863815968,56.02796496522494,S08000019,84.19047619047619,110.94117647058823,26.750700280112042
V215H,Bungalows/Red Lodge,FK5 4AE,"Stirling Road, Larbert, Stirlingshire",S08000019,S37000013,NA,S12000014,NA,S02001704,NA,S01009095,NA,285487,682328,Yes,-3.8386901855130593,56.02013768515904,S08000019,84.19047619047619,110.94117647058823,26.750700280112042
V216H,Clackmannanshire Community Healthcare Centre,FK10 3JQ,"Hall Park Road, Sauchie",S08000019,S37000005,NA,S12000005,NA,S02001401,NA,S01007460,NA,289224,693873,NA,-3.783554932754797,56.124693297235176,S08000019,84.19047619047619,110.94117647058823,26.750700280112042
V217H,Forth Valley Royal Hospital,FK5 4WR,"Stirling Road, Larbert",S08000019,S37000013,NA,S12000014,NA,S02001703,NA,S01009088,NA,284921,682898,NA,-3.848009671312537,56.02512061113521,S08000019,84.19047619047619,110.94117647058823,26.750700280112042
W106H,St Brendans Cot Hospital,HS9 5XE,"Horve, Isle of Barra",S08000028,S37000031,NA,S12000013,NA,S02001687,NA,S01009014,NA,65926,797989,NA,-7.497178133866845,56.95205793583473,S08000028,20.19047619047619,13.235294117647058,-6.955182072829132
W107H,Western Isles Hospital,HS1 2AF,"Macaulay Road, Stornoway, Isle of Lewis",S08000028,S37000031,NA,S12000013,NA,S02001694,NA,S01009045,NA,142692,934195,NA,-6.383596732532542,58.22111585437035,S08000028,20.19047619047619,13.235294117647058,-6.955182072829132
W108H,Uist & Barra Hospital,HS7 5LA,"Balivanich, Isle of Benbecula",S08000028,S37000031,NA,S12000013,NA,S02001688,NA,S01009020,NA,77740,855235,NA,-7.377976240546468,57.472432924095045,S08000028,20.19047619047619,13.235294117647058,-6.955182072829132
Y101H,Castle Douglas Community Hospital,DG7 1EE,"Academy Street, Castle Douglas",S08000017,S37000006,NA,S12000006,NA,S02001415,NA,S01007536,NA,276781,562189,NA,-3.92492802970915,54.93910141545364,S08000017,41,93.47058823529412,52.470588235294116
Y103H,Crichton Royal Hospital,DG1 4TG,"Glencaple Road, Dumfries",S08000017,S37000006,NA,S12000006,NA,S02001427,NA,S01007599,NA,297955,574768,NA,-3.599057354948598,55.05687795120745,S08000017,41,93.47058823529412,52.470588235294116
Y105H,Nithbank Hospital,DG1 2SA,"Nithbank, Dumfries",S08000017,S37000006,NA,S12000006,NA,S02001427,NA,S01007600,NA,297736,575392,NA,-3.6027083205683255,55.06243798921804,S08000017,41,93.47058823529412,52.470588235294116
Y106H,Kirkcudbright Cottage Hospital,DG6 4BE,"Townend, Kirkcudbright",S08000017,S37000006,NA,S12000006,NA,S02001414,NA,S01007527,NA,268392,550781,NA,-4.050573739177154,54.83450791774314,S08000017,41,93.47058823529412,52.470588235294116
Y107H,Thomas Hope Hospital,DG13 0JX,Langholm,S08000017,S37000006,NA,S12000006,NA,S02001438,NA,S01007647,NA,336386,584490,NA,-2.999728601226359,55.15064218417888,S08000017,41,93.47058823529412,52.470588235294116
Y108H,Lochmaben Hospital,DG11 1RQ,"Lochmaben, Lockerbie",S08000017,S37000006,NA,S12000006,NA,S02001435,NA,S01007632,NA,307357,582534,NA,-3.4544549261139808,55.12848491696385,S08000017,41,93.47058823529412,52.470588235294116
Y109H,Moffat Community Hospital,DG10 9JY,"Holmend, Moffat",S08000017,S37000006,NA,S12000006,NA,S02001437,NA,S01007644,NA,309357,605079,NA,-3.4303509676189554,55.33137748245707,S08000017,41,93.47058823529412,52.470588235294116
Y110H,Newton Stewart Hospital,DG8 6LZ,Newton Stewart,S08000017,S37000006,NA,S12000006,NA,S02001412,NA,S01007513,NA,240517,564668,NA,-4.4918429008556835,54.9510810467059,S08000017,41,93.47058823529412,52.470588235294116
Y114H,Thornhill Hospital,DG3 5AA,Thornhill,S08000017,S37000006,NA,S12000006,NA,S02001420,NA,S01007561,NA,287762,594922,NA,-3.766531252098071,55.23569482906726,S08000017,41,93.47058823529412,52.470588235294116
Y120H,Annan Hospital,DG12 6NQ,"Stapleton Road, Annan",S08000017,S37000006,NA,S12000006,NA,S02001442,NA,S01007671,NA,320309,566669,NA,-3.246948193861514,54.98820989639196,S08000017,41,93.47058823529412,52.470588235294116
Y124H,Cromarty,DG9 7JL,"Sun Street, Stranraer",S08000017,S37000006,NA,S12000006,NA,S02001406,NA,S01007487,NA,205786,560758,Yes,-5.030752284492073,54.90367876171734,S08000017,41,93.47058823529412,52.470588235294116
Y126H,Acorn House,DG1 4SR,"Kingholm Road, Dumfries",S08000017,S37000006,NA,S12000006,NA,S02001427,NA,S01007600,NA,297509,574425,Yes,-3.605913097271089,55.0537050496182,S08000017,41,93.47058823529412,52.470588235294116
Y129H,Wellgreen Cottages,DG1 4TD,"Glencaple Road, Dumfries",S08000017,S37000006,NA,S12000006,NA,S02001427,NA,S01007599,NA,297904,573947,Yes,-3.59956130137689,55.04949277441626,S08000017,41,93.47058823529412,52.470588235294116
Y130H,Innistaigh,DG9 7EH,"Dalrymple Street, Stranraer",S08000017,S37000006,NA,S12000006,NA,S02001407,NA,S01007492,NA,206302,560178,NA,-5.022326322321383,54.898674305514525,S08000017,41,93.47058823529412,52.470588235294116
Y132H,Cardoness,DG1 4TG,"Bankend Road, Dumfries",S08000017,S37000006,NA,S12000006,NA,S02001427,NA,S01007599,NA,298102,574397,Yes,-3.5966243902138704,55.05357561351415,S08000017,41,93.47058823529412,52.470588235294116
Y134H,Treastaigh,DG12 6JP,"Stapleton Road, Annan",S08000017,S37000006,NA,S12000006,NA,S02001442,NA,S01007671,NA,320313,566640,NA,-3.2468776192649025,54.9879499999598,S08000017,41,93.47058823529412,52.470588235294116
Y135H,Nithview Day Hospital,DG1 2SD,"Nithbank, Dumfries",S08000017,S37000006,NA,S12000006,NA,S02001427,NA,S01007600,NA,297748,575442,Yes,-3.602538465503893,55.06288958902696,S08000017,41,93.47058823529412,52.470588235294116
Y136H,Laurel Bank (CETU),DG1 2SA,"Nithbank, Dumfries",S08000017,S37000006,NA,S12000006,NA,S02001427,NA,S01007600,NA,297477,573581,NA,-3.606110244613048,55.04611717367987,S08000017,41,93.47058823529412,52.470588235294116
Y138H,Heather Lodge (CETU),DG1 2SA,"Nithbank, Dumfries",S08000017,S37000006,NA,S12000006,NA,S02001427,NA,S01007600,NA,297735,575393,Yes,-3.602724330019489,55.06244676569141,S08000017,41,93.47058823529412,52.470588235294116
Y142H,Lismore,DG12 5HJ,"41A Prestonfield Road, Annan",S08000017,S37000006,NA,S12000006,NA,S02001442,NA,S01007666,NA,319969,567398,Yes,-3.252464326113309,54.99470466205261,S08000017,41,93.47058823529412,52.470588235294116
Y144H,Galloway Community Hospital,DG9 7DQ,"Dalrymple Street, Stranraer",S08000017,S37000006,NA,S12000006,NA,S02001407,NA,S01007492,NA,206341,560236,NA,-5.021758051825584,54.89920990341152,S08000017,41,93.47058823529412,52.470588235294116
Y145H,Midpark Hospital,DG1 4TN,"Bankend Road, Dumfries",S08000017,S37000006,NA,S12000006,NA,S02001427,NA,S01007598,NA,298632,574281,NA,-3.588290191121013,55.052642137335994,S08000017,41,93.47058823529412,52.470588235294116
Y146H,Dumfries & Galloway Royal Infirmary,DG2 8RX,"Cargenbridge, Dumfries",S08000017,S37000006,NA,S12000006,NA,S02001426,NA,S01007594,NA,294130,575081,Yes,-3.659026815491533,55.058888341509864,S08000017,41,93.47058823529412,52.470588235294116
Z102H,Gilbert Bain Hospital,ZE1 0TB,"Lerwick, Shetland",S08000026,S37000026,NA,S12000027,NA,S02002324,NA,S01012395,NA,446981,1141029,NA,-1.1556642382162836,60.151058275581285,S08000026,3.5476190476190474,4.764705882352941,1.2170868347338937
